codigo_ciudad,rider_id,dia,hora_inicio,hora_final,accion
GRA,4356943,29/09/2026,13:30:00,17:00:00,UNBOOK
GRA,4356943,29/09/2026,21:00:00,23:00:00,UNBOOK
GRA,4356943,01/10/2026,08:30:00,15:00:00,UNBOOK
GRA,4356943,01/10/2026,18:00:00,22:00:00,UNBOOK
GRA,4356943,02/10/2026,11:00:00,16:30:00,UNBOOK
GRA,4356943,02/10/2026,20:00:00,00:00:00,UNBOOK
GRA,4356943,03/10/2026,13:00:00,18:00:00,UNBOOK
GRA,4356943,03/10/2026,20:00:00,22:30:00,UNBOOK
GRA,4356943,04/10/2026,08:30:00,13:00:00,UNBOOK
GRA,4356943,04/10/2026,20:00:00,22:30:00,UNBOOK
GRA,4892396,29/09/2026,20:30:00,00:00:00,UNBOOK
GRA,4892396,01/10/2026,13:00:00,15:00:00,UNBOOK
GRA,4892396,01/10/2026,21:00:00,23:00:00,UNBOOK
GRA,4395700,30/09/2026,23:30:00,00:00:00,UNBOOK
NOM,4868471,04/10/2026,18:00:00,21:00:00,UNBOOK
NOM,4868471,04/10/2026,21:00:00,23:30:00,BOOK
NOM,4934898,30/09/2026,19:30:00,21:30:00,BOOK
NOM,4934898,01/10/2026,13:00:00,15:00:00,BOOK
NOM,4934898,01/10/2026,20:00:00,22:30:00,BOOK
NOM,4934898,02/10/2026,13:00:00,16:30:00,BOOK
NOM,4934898,02/10/2026,18:30:00,23:00:00,BOOK
NOM,4934898,03/10/2026,12:00:00,17:00:00,BOOK
NOM,4934898,03/10/2026,20:00:00,23:00:00,BOOK
NOM,4934898,04/10/2026,12:00:00,16:30:00,BOOK
NOM,4934898,04/10/2026,19:30:00,22:30:00,BOOK
GRA,4892399,03/10/2026,20:30:00,21:00:00,BOOK
GRA,4919408,01/10/2026,13:00:00,15:00:00,BOOK
GRA,4919408,01/10/2026,21:00:00,23:00:00,BOOK
GRA,4542210,29/09/2026,20:00:00,00:00:00,BOOK
MAD,4934924,30/09/2026,09:00:00,15:00:00,BOOK
MAD,4934924,01/10/2026,13:30:00,16:30:00,BOOK
MAD,4934924,01/10/2026,19:30:00,22:30:00,BOOK
MAD,4934924,02/10/2026,10:00:00,14:00:00,BOOK
MAD,4934924,02/10/2026,19:30:00,22:30:00,BOOK
MAD,4934924,03/10/2026,13:00:00,16:30:00,BOOK
MAD,4934924,03/10/2026,20:30:00,23:00:00,BOOK
MAD,4934924,04/10/2026,13:30:00,17:00:00,BOOK
MAD,4934924,04/10/2026,19:30:00,22:00:00,BOOK
MAD,4934961,30/09/2026,12:00:00,16:00:00,BOOK
MAD,4934961,30/09/2026,20:00:00,22:00:00,BOOK
MAD,4934961,01/10/2026,11:30:00,14:30:00,BOOK
MAD,4934961,01/10/2026,19:30:00,22:30:00,BOOK
MAD,4934961,02/10/2026,13:30:00,17:00:00,BOOK
MAD,4934961,02/10/2026,20:00:00,22:30:00,BOOK
MAD,4934961,03/10/2026,13:30:00,17:00:00,BOOK
MAD,4934961,03/10/2026,20:30:00,23:00:00,BOOK
MAD,4934961,04/10/2026,13:00:00,15:00:00,BOOK
MAD,4934961,04/10/2026,19:30:00,23:30:00,BOOK
MAD,4892423,30/09/2026,17:30:00,23:30:00,BOOK
MAD,4892423,02/10/2026,19:30:00,23:30:00,BOOK
MAD,4892423,03/10/2026,19:30:00,23:30:00,BOOK
MAD,4892423,04/10/2026,16:30:00,19:00:00,BOOK
MAD,4892423,04/10/2026,20:30:00,00:00:00,BOOK
GRA,4936509,29/09/2026,13:30:00,17:00:00,BOOK
GRA,4936509,29/09/2026,21:00:00,23:00:00,BOOK
GRA,4916127,01/10/2026,08:30:00,15:00:00,BOOK
GRA,4936509,01/10/2026,18:00:00,22:00:00,BOOK
GRA,4936509,02/10/2026,11:00:00,16:30:00,BOOK
GRA,4936509,02/10/2026,20:00:00,00:00:00,BOOK
GRA,4936509,03/10/2026,13:00:00,18:00:00,BOOK
GRA,4421270,03/10/2026,20:30:00,22:30:00,BOOK
GRA,4936509,04/10/2026,08:30:00,13:00:00,BOOK
GRA,4936509,04/10/2026,20:00:00,22:30:00,BOOK