codigo_ciudad;rider_id;dia;hora_inicio;hora_final;accion
NEM;4815913;17/08/2026;09:00:00;15:00:00;BOOK
NEM;4815913;17/08/2026;19:30:00;21:30:00;BOOK
NEM;4827938;17/08/2026;18:00:00;22:30:00;BOOK
NEM;4827945;17/08/2026;13:30:00;17:00:00;BOOK
NEM;4827945;17/08/2026;21:30:00;23:30:00;BOOK
NEM;4827947;17/08/2026;12:00:00;18:00:00;BOOK
NEM;4827947;17/08/2026;21:00:00;23:30:00;BOOK
NEM;4827951;17/08/2026;20:00:00;00:00:00;BOOK
NEM;4829790;17/08/2026;10:00:00;16:00:00;BOOK
NEM;4829790;17/08/2026;18:30:00;22:00:00;BOOK