codigo_ciudad;rider_id;dia;hora_inicio;hora_final;accion;;;;;;;;;;;;;;;;;;;;
ALC;4122256;23-08-2026;00:00:00;01:00:00;UNBOOK;;;;;;;;;;;;;;;;;;;;
ALC;4069803;17-08-2026;14:30:00;16:30:00;UNBOOK;;;;;;;;;;;;;;;;;;;;
ALC;4069803;18-08-2026;13:30:00;16:30:00;UNBOOK;;;;;;;;;;;;;;;;;;;;
ALC;4069803;21-08-2026;13:00:00;16:30:00;UNBOOK;;;;;;;;;;;;;;;;;;;;
ALC;4069803;22-08-2026;14:00:00;17:30:00;UNBOOK;;;;;;;;;;;;;;;;;;;;
ALC;4069803;23-08-2026;13:00:00;16:00:00;UNBOOK;;;;;;;;;;;;;;;;;;;;
ALC;4069803;17-08-2026;19:30:00;23:00:00;UNBOOK;;;;;;;;;;;;;;;;;;;;
ALC;4073446;17-08-2026;14:30:00;16:30:00;BOOK;;;;;;;;;;;;;;;;;;;;
ALC;4073446;17-08-2026;19:30:00;23:00:00;BOOK;;;;;;;;;;;;;;;;;;;;
ALC;4073446;18-08-2026;13:30:00;16:30:00;BOOK;;;;;;;;;;;;;;;;;;;;
ALC;4073446;18-08-2026;21:30:00;00:00:00;BOOK;;;;;;;;;;;;;;;;;;;;
ALC;4073446;21-08-2026;13:00:00;16:30:00;BOOK;;;;;;;;;;;;;;;;;;;;
ALC;4073446;21-08-2026;20:00:00;00:00:00;BOOK;;;;;;;;;;;;;;;;;;;;
ALC;4073446;22-08-2026;14:00:00;17:30:00;BOOK;;;;;;;;;;;;;;;;;;;;
ALC;4073446;22-08-2026;21:30:00;23:30:00;BOOK;;;;;;;;;;;;;;;;;;;;
ALC;4073446;23-08-2026;13:00:00;16:00:00;BOOK;;;;;;;;;;;;;;;;;;;;
ALC;4073446;23-08-2026;20:00:00;23:00:00;BOOK;;;;;;;;;;;;;;;;;;;;
ALC;4122256;21-08-2026;21:30:00;00:00:00;BOOK;;;;;;;;;;;;;;;;;;;;
ALC;4122256;22-08-2026;00:00:00;01:00:00;BOOK;;;;;;;;;;;;;;;;;;;;
NOM;4406469;17-08-2026;14:00:00;18:00:00;BOOK;;;;;;;;;;;;;;;;;;;;
NOM;4406469;17-08-2026;20:30:00;22:30:00;BOOK;;;;;;;;;;;;;;;;;;;;
NOM;4406469;18-08-2026;10:00:00;14:30:00;BOOK;;;;;;;;;;;;;;;;;;;;
NOM;4406469;18-08-2026;20:00:00;23:00:00;BOOK;;;;;;;;;;;;;;;;;;;;
NOM;4406469;20-08-2026;13:30:00;22:30:00;BOOK;;;;;;;;;;;;;;;;;;;;
NOM;4406469;21-08-2026;13:30:00;16:00:00;BOOK;;;;;;;;;;;;;;;;;;;;
NOM;4406469;21-08-2026;17:30:00;23:00:00;BOOK;;;;;;;;;;;;;;;;;;;;
NOM;4406469;22-08-2026;09:00:00;14:30:00;BOOK;;;;;;;;;;;;;;;;;;;;
NOM;4406469;22-08-2026;20:00:00;22:30:00;BOOK;;;;;;;;;;;;;;;;;;;;
NOM;4406469;23-08-2026;12:30:00;17:00:00;BOOK;;;;;;;;;;;;;;;;;;;;
NOM;4406469;23-08-2026;20:30:00;22:30:00;BOOK;;;;;;;;;;;;;;;;;;;;
NOM;4406471;19-08-2026;12:30:00;18:30:00;BOOK;;;;;;;;;;;;;;;;;;;;
NOM;4406471;20-08-2026;13:30:00;20:00:00;BOOK;;;;;;;;;;;;;;;;;;;;
NOM;4406471;21-08-2026;13:30:00;16:30:00;BOOK;;;;;;;;;;;;;;;;;;;;
NOM;4406471;21-08-2026;20:30:00;23:30:00;BOOK;;;;;;;;;;;;;;;;;;;;
NOM;4406471;22-08-2026;08:30:00;14:00:00;BOOK;;;;;;;;;;;;;;;;;;;;
NOM;4406471;22-08-2026;21:00:00;00:00:00;BOOK;;;;;;;;;;;;;;;;;;;;
NOM;4406471;23-08-2026;09:00:00;12:00:00;BOOK;;;;;;;;;;;;;;;;;;;;
NOM;4406471;23-08-2026;20:30:00;23:00:00;BOOK;;;;;;;;;;;;;;;;;;;;
NOM;4406473;17-08-2026;10:00:00;15:30:00;BOOK;;;;;;;;;;;;;;;;;;;;
NOM;4406473;17-08-2026;21:00:00;23:00:00;BOOK;;;;;;;;;;;;;;;;;;;;
NOM;4406473;18-08-2026;12:00:00;18:00:00;BOOK;;;;;;;;;;;;;;;;;;;;
NOM;4406473;18-08-2026;20:00:00;22:00:00;BOOK;;;;;;;;;;;;;;;;;;;;
NOM;4406473;19-08-2026;13:30:00;15:30:00;BOOK;;;;;;;;;;;;;;;;;;;;
NOM;4406473;19-08-2026;17:30:00;22:00:00;BOOK;;;;;;;;;;;;;;;;;;;;
NOM;4406473;20-08-2026;10:00:00;15:30:00;BOOK;;;;;;;;;;;;;;;;;;;;
NOM;4406473;20-08-2026;20:00:00;22:30:00;BOOK;;;;;;;;;;;;;;;;;;;;
NOM;4406473;21-08-2026;13:00:00;18:00:00;BOOK;;;;;;;;;;;;;;;;;;;;
NOM;4406473;21-08-2026;20:30:00;00:00:00;BOOK;;;;;;;;;;;;;;;;;;;;
NOM;4406480;17-08-2026;13:30:00;16:00:00;BOOK;;;;;;;;;;;;;;;;;;;;
NOM;4406480;17-08-2026;19:30:00;23:30:00;BOOK;;;;;;;;;;;;;;;;;;;;
NOM;4406480;18-08-2026;09:00:00;15:30:00;BOOK;;;;;;;;;;;;;;;;;;;;
NOM;4406480;18-08-2026;17:30:00;21:00:00;BOOK;;;;;;;;;;;;;;;;;;;;
NOM;4406480;19-08-2026;11:00:00;18:30:00;BOOK;;;;;;;;;;;;;;;;;;;;
NOM;4406480;19-08-2026;20:00:00;00:00:00;BOOK;;;;;;;;;;;;;;;;;;;;
NOM;4406480;22-08-2026;14:00:00;17:00:00;BOOK;;;;;;;;;;;;;;;;;;;;
NOM;4406480;22-08-2026;20:30:00;22:30:00;BOOK;;;;;;;;;;;;;;;;;;;;
NOM;4406480;23-08-2026;11:30:00;15:30:00;BOOK;;;;;;;;;;;;;;;;;;;;
NOM;4406480;23-08-2026;19:00:00;22:00:00;BOOK;;;;;;;;;;;;;;;;;;;;
NOM;4406482;19-08-2026;17:00:00;22:30:00;BOOK;;;;;;;;;;;;;;;;;;;;
NOM;4406482;20-08-2026;18:30:00;23:00:00;BOOK;;;;;;;;;;;;;;;;;;;;
NOM;4406482;21-08-2026;18:30:00;22:30:00;BOOK;;;;;;;;;;;;;;;;;;;;
NOM;4406482;22-08-2026;11:30:00;15:30:00;BOOK;;;;;;;;;;;;;;;;;;;;
NOM;4406482;22-08-2026;20:00:00;22:30:00;BOOK;;;;;;;;;;;;;;;;;;;;
NOM;4406482;23-08-2026;11:00:00;16:00:00;BOOK;;;;;;;;;;;;;;;;;;;;
NOM;4406482;23-08-2026;18:30:00;22:00:00;BOOK;;;;;;;;;;;;;;;;;;;;
NOM;4406484;17-08-2026;09:30:00;15:00:00;BOOK;;;;;;;;;;;;;;;;;;;;
NOM;4406484;17-08-2026;20:00:00;00:00:00;BOOK;;;;;;;;;;;;;;;;;;;;
NOM;4406484;18-08-2026;09:30:00;15:30:00;BOOK;;;;;;;;;;;;;;;;;;;;
NOM;4406484;18-08-2026;19:30:00;23:30:00;BOOK;;;;;;;;;;;;;;;;;;;;
NOM;4406484;19-08-2026;20:00:00;00:00:00;BOOK;;;;;;;;;;;;;;;;;;;;
NOM;4406484;21-08-2026;08:30:00;15:00:00;BOOK;;;;;;;;;;;;;;;;;;;;
NOM;4406484;21-08-2026;20:00:00;23:00:00;BOOK;;;;;;;;;;;;;;;;;;;;
NOM;4406484;22-08-2026;12:30:00;16:00:00;BOOK;;;;;;;;;;;;;;;;;;;;
NOM;4406484;22-08-2026;18:00:00;22:00:00;BOOK;;;;;;;;;;;;;;;;;;;;
NOM;4406486;17-08-2026;10:00:00;17:00:00;BOOK;;;;;;;;;;;;;;;;;;;;
NOM;4406486;17-08-2026;21:00:00;23:00:00;BOOK;;;;;;;;;;;;;;;;;;;;
NOM;4406486;18-08-2026;10:30:00;16:00:00;BOOK;;;;;;;;;;;;;;;;;;;;
NOM;4406486;18-08-2026;21:00:00;23:30:00;BOOK;;;;;;;;;;;;;;;;;;;;
NOM;4406486;20-08-2026;08:00:00;16:00:00;BOOK;;;;;;;;;;;;;;;;;;;;
NOM;4406486;20-08-2026;21:00:00;00:00:00;BOOK;;;;;;;;;;;;;;;;;;;;
NOM;4406486;22-08-2026;08:30:00;12:30:00;BOOK;;;;;;;;;;;;;;;;;;;;
NOM;4406486;22-08-2026;21:00:00;23:30:00;BOOK;;;;;;;;;;;;;;;;;;;;
NOM;4406486;23-08-2026;08:30:00;14:30:00;BOOK;;;;;;;;;;;;;;;;;;;;
NOM;4406486;23-08-2026;21:00:00;23:00:00;BOOK;;;;;;;;;;;;;;;;;;;;
NOM;4407103;18-08-2026;13:00:00;16:30:00;BOOK;;;;;;;;;;;;;;;;;;;;
NOM;4407103;18-08-2026;19:00:00;23:00:00;BOOK;;;;;;;;;;;;;;;;;;;;
NOM;4407103;19-08-2026;08:00:00;15:00:00;BOOK;;;;;;;;;;;;;;;;;;;;
NOM;4407103;19-08-2026;20:30:00;23:00:00;BOOK;;;;;;;;;;;;;;;;;;;;
NOM;4407103;21-08-2026;12:30:00;17:00:00;BOOK;;;;;;;;;;;;;;;;;;;;
NOM;4407103;21-08-2026;19:00:00;22:00:00;BOOK;;;;;;;;;;;;;;;;;;;;
NOM;4407103;22-08-2026;12:30:00;15:00:00;BOOK;;;;;;;;;;;;;;;;;;;;
NOM;4407103;22-08-2026;17:30:00;00:00:00;BOOK;;;;;;;;;;;;;;;;;;;;
NOM;4407103;23-08-2026;13:00:00;15:30:00;BOOK;;;;;;;;;;;;;;;;;;;;
NOM;4407103;23-08-2026;16:00:00;23:00:00;BOOK;;;;;;;;;;;;;;;;;;;;
NOM;4409247;18-08-2026;17:00:00;22:30:00;BOOK;;;;;;;;;;;;;;;;;;;;
NOM;4409247;19-08-2026;08:30:00;15:00:00;BOOK;;;;;;;;;;;;;;;;;;;;
NOM;4409247;19-08-2026;19:30:00;22:30:00;BOOK;;;;;;;;;;;;;;;;;;;;
NOM;4409247;20-08-2026;08:30:00;15:00:00;BOOK;;;;;;;;;;;;;;;;;;;;
NOM;4409247;20-08-2026;20:30:00;23:00:00;BOOK;;;;;;;;;;;;;;;;;;;;
NOM;4409247;21-08-2026;11:00:00;16:00:00;BOOK;;;;;;;;;;;;;;;;;;;;
NOM;4409247;21-08-2026;17:30:00;23:00:00;BOOK;;;;;;;;;;;;;;;;;;;;
NOM;4409247;23-08-2026;13:30:00;16:30:00;BOOK;;;;;;;;;;;;;;;;;;;;
NOM;4409247;23-08-2026;21:00:00;23:30:00;BOOK;;;;;;;;;;;;;;;;;;;;
NOM;4409250;17-08-2026;13:00:00;18:00:00;BOOK;;;;;;;;;;;;;;;;;;;;
NOM;4409250;18-08-2026;13:00:00;18:30:00;BOOK;;;;;;;;;;;;;;;;;;;;
NOM;4409250;19-08-2026;10:00:00;16:30:00;BOOK;;;;;;;;;;;;;;;;;;;;
NOM;4409250;19-08-2026;19:00:00;22:30:00;BOOK;;;;;;;;;;;;;;;;;;;;
NOM;4409250;20-08-2026;11:30:00;16:00:00;BOOK;;;;;;;;;;;;;;;;;;;;
NOM;4409250;20-08-2026;17:30:00;22:00:00;BOOK;;;;;;;;;;;;;;;;;;;;
NOM;4409250;21-08-2026;09:30:00;15:30:00;BOOK;;;;;;;;;;;;;;;;;;;;
NOM;4409252;21-08-2026;18:00:00;22:30:00;BOOK;;;;;;;;;;;;;;;;;;;;
NOM;4409252;22-08-2026;17:30:00;00:00:00;BOOK;;;;;;;;;;;;;;;;;;;;
NOM;4409252;23-08-2026;00:00:00;01:00:00;BOOK;;;;;;;;;;;;;;;;;;;;
NOM;4409252;23-08-2026;17:00:00;22:30:00;BOOK;;;;;;;;;;;;;;;;;;;;
NOM;4409253;19-08-2026;18:30:00;22:00:00;BOOK;;;;;;;;;;;;;;;;;;;;
NOM;4409253;20-08-2026;19:00:00;23:30:00;BOOK;;;;;;;;;;;;;;;;;;;;
NOM;4409253;21-08-2026;20:00:00;23:00:00;BOOK;;;;;;;;;;;;;;;;;;;;
NOM;4409253;22-08-2026;14:30:00;21:00:00;BOOK;;;;;;;;;;;;;;;;;;;;
NOM;4409253;23-08-2026;14:00:00;21:00:00;BOOK;;;;;;;;;;;;;;;;;;;;
NOM;4409254;18-08-2026;20:00:00;00:00:00;BOOK;;;;;;;;;;;;;;;;;;;;
NOM;4409254;20-08-2026;20:00:00;00:00:00;BOOK;;;;;;;;;;;;;;;;;;;;
NOM;4409254;21-08-2026;20:00:00;00:00:00;BOOK;;;;;;;;;;;;;;;;;;;;
NOM;4409254;22-08-2026;20:00:00;00:00:00;BOOK;;;;;;;;;;;;;;;;;;;;
NOM;4409254;23-08-2026;20:00:00;00:00:00;BOOK;;;;;;;;;;;;;;;;;;;;
NOM;4409255;17-08-2026;13:30:00;17:30:00;BOOK;;;;;;;;;;;;;;;;;;;;
NOM;4409255;18-08-2026;12:30:00;17:30:00;BOOK;;;;;;;;;;;;;;;;;;;;
NOM;4409255;18-08-2026;19:30:00;23:00:00;BOOK;;;;;;;;;;;;;;;;;;;;
NOM;4409255;19-08-2026;13:30:00;17:00:00;BOOK;;;;;;;;;;;;;;;;;;;;
NOM;4409255;19-08-2026;20:00:00;23:30:00;BOOK;;;;;;;;;;;;;;;;;;;;
NOM;4409255;20-08-2026;13:00:00;18:30:00;BOOK;;;;;;;;;;;;;;;;;;;;
NOM;4409255;20-08-2026;20:00:00;23:30:00;BOOK;;;;;;;;;;;;;;;;;;;;
NOM;4409255;21-08-2026;13:30:00;17:30:00;BOOK;;;;;;;;;;;;;;;;;;;;
NOM;4409255;21-08-2026;19:30:00;23:30:00;BOOK;;;;;;;;;;;;;;;;;;;;
NOM;4409255;22-08-2026;14:30:00;22:00:00;BOOK;;;;;;;;;;;;;;;;;;;;
NOM;4409255;23-08-2026;14:00:00;21:00:00;BOOK;;;;;;;;;;;;;;;;;;;;
NOM;4409256;17-08-2026;19:30:00;23:00:00;BOOK;;;;;;;;;;;;;;;;;;;;
NOM;4409256;18-08-2026;19:30:00;23:30:00;BOOK;;;;;;;;;;;;;;;;;;;;
NOM;4409256;20-08-2026;20:00:00;23:30:00;BOOK;;;;;;;;;;;;;;;;;;;;
NOM;4409256;21-08-2026;19:30:00;23:00:00;BOOK;;;;;;;;;;;;;;;;;;;;
NOM;4409256;22-08-2026;09:00:00;14:00:00;BOOK;;;;;;;;;;;;;;;;;;;;
NOM;4409256;22-08-2026;20:30:00;23:30:00;BOOK;;;;;;;;;;;;;;;;;;;;
NOM;4409256;23-08-2026;10:30:00;16:30:00;BOOK;;;;;;;;;;;;;;;;;;;;
NOM;4409256;23-08-2026;20:00:00;23:00:00;BOOK;;;;;;;;;;;;;;;;;;;;
NOM;4409258;17-08-2026;13:30:00;21:30:00;BOOK;;;;;;;;;;;;;;;;;;;;
NOM;4409258;18-08-2026;14:00:00;22:30:00;BOOK;;;;;;;;;;;;;;;;;;;;
NOM;4409258;20-08-2026;13:30:00;17:30:00;BOOK;;;;;;;;;;;;;;;;;;;;
NOM;4409258;20-08-2026;19:30:00;23:00:00;BOOK;;;;;;;;;;;;;;;;;;;;
NOM;4409258;21-08-2026;12:30:00;16:00:00;BOOK;;;;;;;;;;;;;;;;;;;;
NOM;4409258;21-08-2026;19:30:00;23:00:00;BOOK;;;;;;;;;;;;;;;;;;;;
NOM;4409258;22-08-2026;09:30:00;14:30:00;BOOK;;;;;;;;;;;;;;;;;;;;
NOM;4409258;22-08-2026;21:00:00;23:00:00;BOOK;;;;;;;;;;;;;;;;;;;;
NOM;4409258;23-08-2026;09:00:00;15:00:00;BOOK;;;;;;;;;;;;;;;;;;;;
NOM;4409258;23-08-2026;21:00:00;00:00:00;BOOK;;;;;;;;;;;;;;;;;;;;
NOM;4409259;19-08-2026;14:30:00;18:30:00;BOOK;;;;;;;;;;;;;;;;;;;;
NOM;4409259;19-08-2026;20:00:00;23:30:00;BOOK;;;;;;;;;;;;;;;;;;;;
NOM;4409259;20-08-2026;13:00:00;22:00:00;BOOK;;;;;;;;;;;;;;;;;;;;
NOM;4409259;21-08-2026;13:00:00;18:00:00;BOOK;;;;;;;;;;;;;;;;;;;;
NOM;4409259;21-08-2026;19:00:00;23:30:00;BOOK;;;;;;;;;;;;;;;;;;;;
NOM;4409259;22-08-2026;20:00:00;23:30:00;BOOK;;;;;;;;;;;;;;;;;;;;
NOM;4409259;23-08-2026;14:00:00;18:00:00;BOOK;;;;;;;;;;;;;;;;;;;;
NOM;4409259;23-08-2026;19:30:00;22:30:00;BOOK;;;;;;;;;;;;;;;;;;;;
NOM;4409261;18-08-2026;08:30:00;14:00:00;BOOK;;;;;;;;;;;;;;;;;;;;
NOM;4409261;19-08-2026;09:00:00;14:30:00;BOOK;;;;;;;;;;;;;;;;;;;;
NOM;4409261;19-08-2026;18:00:00;23:00:00;BOOK;;;;;;;;;;;;;;;;;;;;
NOM;4409261;20-08-2026;14:00:00;16:30:00;BOOK;;;;;;;;;;;;;;;;;;;;
NOM;4409261;20-08-2026;18:00:00;22:30:00;BOOK;;;;;;;;;;;;;;;;;;;;
NOM;4409261;21-08-2026;08:30:00;12:30:00;BOOK;;;;;;;;;;;;;;;;;;;;
NOM;4409261;21-08-2026;20:00:00;23:00:00;BOOK;;;;;;;;;;;;;;;;;;;;
NOM;4409261;23-08-2026;08:30:00;12:30:00;BOOK;;;;;;;;;;;;;;;;;;;;
NOM;4409261;23-08-2026;18:00:00;21:30:00;BOOK;;;;;;;;;;;;;;;;;;;;
NOM;4459548;17-08-2026;13:00:00;22:00:00;BOOK;;;;;;;;;;;;;;;;;;;;
NOM;4459548;18-08-2026;10:00:00;16:00:00;BOOK;;;;;;;;;;;;;;;;;;;;
NOM;4459548;18-08-2026;18:00:00;22:00:00;BOOK;;;;;;;;;;;;;;;;;;;;
NOM;4459548;21-08-2026;14:00:00;19:00:00;BOOK;;;;;;;;;;;;;;;;;;;;
NOM;4459548;21-08-2026;20:30:00;23:30:00;BOOK;;;;;;;;;;;;;;;;;;;;
NOM;4459548;22-08-2026;13:30:00;17:30:00;BOOK;;;;;;;;;;;;;;;;;;;;
NOM;4459548;22-08-2026;20:00:00;22:30:00;BOOK;;;;;;;;;;;;;;;;;;;;
NOM;4459548;23-08-2026;12:30:00;18:00:00;BOOK;;;;;;;;;;;;;;;;;;;;
NOM;4459548;23-08-2026;20:00:00;22:00:00;BOOK;;;;;;;;;;;;;;;;;;;;
NOM;4459675;17-08-2026;20:00:00;22:30:00;BOOK;;;;;;;;;;;;;;;;;;;;
NOM;4459675;17-08-2026;10:00:00;16:00:00;BOOK;;;;;;;;;;;;;;;;;;;;
NOM;4459675;18-08-2026;16:30:00;23:00:00;BOOK;;;;;;;;;;;;;;;;;;;;
NOM;4459675;19-08-2026;08:00:00;15:00:00;BOOK;;;;;;;;;;;;;;;;;;;;
NOM;4459675;19-08-2026;20:30:00;23:00:00;BOOK;;;;;;;;;;;;;;;;;;;;
NOM;4459675;21-08-2026;17:30:00;23:00:00;BOOK;;;;;;;;;;;;;;;;;;;;
NOM;4459675;23-08-2026;13:00:00;15:00:00;BOOK;;;;;;;;;;;;;;;;;;;;
NOM;4459675;23-08-2026;17:30:00;23:30:00;BOOK;;;;;;;;;;;;;;;;;;;;
NOM;4476129;20-08-2026;09:00:00;15:00:00;BOOK;;;;;;;;;;;;;;;;;;;;
NOM;4476129;20-08-2026;17:30:00;23:00:00;BOOK;;;;;;;;;;;;;;;;;;;;
NOM;4476129;22-08-2026;13:00:00;16:00:00;BOOK;;;;;;;;;;;;;;;;;;;;
NOM;4476129;22-08-2026;20:30:00;23:00:00;BOOK;;;;;;;;;;;;;;;;;;;;
NOM;4476130;17-08-2026;14:00:00;21:30:00;BOOK;;;;;;;;;;;;;;;;;;;;
NOM;4476130;18-08-2026;18:30:00;22:00:00;BOOK;;;;;;;;;;;;;;;;;;;;
NOM;4476130;21-08-2026;12:30:00;16:30:00;BOOK;;;;;;;;;;;;;;;;;;;;
NOM;4476130;21-08-2026;20:00:00;00:00:00;BOOK;;;;;;;;;;;;;;;;;;;;
NOM;4476130;22-08-2026;18:00:00;00:00:00;BOOK;;;;;;;;;;;;;;;;;;;;
NOM;4476130;23-08-2026;21:00:00;00:00:00;BOOK;;;;;;;;;;;;;;;;;;;;
NOM;4476134;17-08-2026;08:30:00;12:30:00;BOOK;;;;;;;;;;;;;;;;;;;;
NOM;4476134;17-08-2026;18:00:00;23:30:00;BOOK;;;;;;;;;;;;;;;;;;;;
NOM;4476134;19-08-2026;13:00:00;15:00:00;BOOK;;;;;;;;;;;;;;;;;;;;
NOM;4476134;19-08-2026;20:30:00;22:30:00;BOOK;;;;;;;;;;;;;;;;;;;;
NOM;4476134;20-08-2026;21:00:00;23:30:00;BOOK;;;;;;;;;;;;;;;;;;;;
NOM;4476134;21-08-2026;13:00:00;15:30:00;BOOK;;;;;;;;;;;;;;;;;;;;
NOM;4476134;21-08-2026;18:00:00;22:30:00;BOOK;;;;;;;;;;;;;;;;;;;;
NOM;4476134;22-08-2026;12:30:00;15:00:00;BOOK;;;;;;;;;;;;;;;;;;;;
NOM;4476134;22-08-2026;20:00:00;23:30:00;BOOK;;;;;;;;;;;;;;;;;;;;
NOM;4476134;23-08-2026;09:30:00;15:00:00;BOOK;;;;;;;;;;;;;;;;;;;;
NOM;4476134;23-08-2026;18:30:00;22:30:00;BOOK;;;;;;;;;;;;;;;;;;;;
NOM;4476137;19-08-2026;09:30:00;16:30:00;BOOK;;;;;;;;;;;;;;;;;;;;
NOM;4476137;19-08-2026;19:30:00;23:00:00;BOOK;;;;;;;;;;;;;;;;;;;;
NOM;4476137;20-08-2026;12:30:00;16:00:00;BOOK;;;;;;;;;;;;;;;;;;;;
NOM;4476137;20-08-2026;20:30:00;00:00:00;BOOK;;;;;;;;;;;;;;;;;;;;
NOM;4476137;21-08-2026;14:00:00;18:00:00;BOOK;;;;;;;;;;;;;;;;;;;;
NOM;4476137;21-08-2026;20:30:00;22:30:00;BOOK;;;;;;;;;;;;;;;;;;;;
NOM;4476137;22-08-2026;13:00:00;18:00:00;BOOK;;;;;;;;;;;;;;;;;;;;
NOM;4476137;22-08-2026;21:00:00;23:30:00;BOOK;;;;;;;;;;;;;;;;;;;;
NOM;4476137;23-08-2026;12:00:00;15:00:00;BOOK;;;;;;;;;;;;;;;;;;;;
NOM;4476137;23-08-2026;20:00:00;00:00:00;BOOK;;;;;;;;;;;;;;;;;;;;
NOM;4476138;17-08-2026;17:30:00;00:00:00;BOOK;;;;;;;;;;;;;;;;;;;;
NOM;4476138;18-08-2026;13:30:00;16:30:00;BOOK;;;;;;;;;;;;;;;;;;;;
NOM;4476138;18-08-2026;20:30:00;23:30:00;BOOK;;;;;;;;;;;;;;;;;;;;
NOM;4476138;19-08-2026;12:30:00;18:30:00;BOOK;;;;;;;;;;;;;;;;;;;;
NOM;4476138;19-08-2026;21:00:00;23:30:00;BOOK;;;;;;;;;;;;;;;;;;;;
NOM;4476138;21-08-2026;14:00:00;22:30:00;BOOK;;;;;;;;;;;;;;;;;;;;
NOM;4476138;22-08-2026;15:00:00;18:00:00;BOOK;;;;;;;;;;;;;;;;;;;;
NOM;4476138;22-08-2026;19:30:00;22:00:00;BOOK;;;;;;;;;;;;;;;;;;;;
NOM;4476138;23-08-2026;13:30:00;17:30:00;BOOK;;;;;;;;;;;;;;;;;;;;
NOM;4476138;23-08-2026;19:30:00;23:30:00;BOOK;;;;;;;;;;;;;;;;;;;;
NOM;4476139;17-08-2026;08:30:00;16:00:00;BOOK;;;;;;;;;;;;;;;;;;;;
NOM;4476139;18-08-2026;08:30:00;15:00:00;BOOK;;;;;;;;;;;;;;;;;;;;
NOM;4476139;19-08-2026;09:30:00;15:30:00;BOOK;;;;;;;;;;;;;;;;;;;;
NOM;4476139;20-08-2026;09:00:00;16:30:00;BOOK;;;;;;;;;;;;;;;;;;;;
NOM;4476139;21-08-2026;09:00:00;14:30:00;BOOK;;;;;;;;;;;;;;;;;;;;
NOM;4535094;17-08-2026;12:30:00;17:30:00;BOOK;;;;;;;;;;;;;;;;;;;;
NOM;4535094;17-08-2026;19:00:00;23:00:00;BOOK;;;;;;;;;;;;;;;;;;;;
NOM;4535094;18-08-2026;13:00:00;18:30:00;BOOK;;;;;;;;;;;;;;;;;;;;
NOM;4535094;18-08-2026;20:30:00;23:30:00;BOOK;;;;;;;;;;;;;;;;;;;;
NOM;4535094;21-08-2026;12:00:00;18:00:00;BOOK;;;;;;;;;;;;;;;;;;;;
NOM;4535094;21-08-2026;20:30:00;00:00:00;BOOK;;;;;;;;;;;;;;;;;;;;
NOM;4535094;22-08-2026;14:00:00;18:00:00;BOOK;;;;;;;;;;;;;;;;;;;;
NOM;4535094;22-08-2026;20:30:00;23:30:00;BOOK;;;;;;;;;;;;;;;;;;;;
NOM;4535094;23-08-2026;12:00:00;20:00:00;BOOK;;;;;;;;;;;;;;;;;;;;
NOM;4535094;23-08-2026;21:00:00;23:00:00;BOOK;;;;;;;;;;;;;;;;;;;;
NOM;4555682;20-08-2026;12:30:00;17:30:00;BOOK;;;;;;;;;;;;;;;;;;;;
NOM;4555682;20-08-2026;19:30:00;23:30:00;BOOK;;;;;;;;;;;;;;;;;;;;
NOM;4555682;21-08-2026;13:00:00;17:30:00;BOOK;;;;;;;;;;;;;;;;;;;;
NOM;4555682;21-08-2026;20:30:00;23:30:00;BOOK;;;;;;;;;;;;;;;;;;;;
NOM;4555682;22-08-2026;13:30:00;18:30:00;BOOK;;;;;;;;;;;;;;;;;;;;
NOM;4555682;22-08-2026;20:00:00;23:30:00;BOOK;;;;;;;;;;;;;;;;;;;;
NOM;4555682;23-08-2026;10:00:00;16:00:00;BOOK;;;;;;;;;;;;;;;;;;;;
NOM;4558063;19-08-2026;18:30:00;23:30:00;BOOK;;;;;;;;;;;;;;;;;;;;
NOM;4558063;20-08-2026;18:30:00;23:30:00;BOOK;;;;;;;;;;;;;;;;;;;;
NOM;4558063;21-08-2026;18:00:00;00:00:00;BOOK;;;;;;;;;;;;;;;;;;;;
NOM;4558063;22-08-2026;18:30:00;23:30:00;BOOK;;;;;;;;;;;;;;;;;;;;
NOM;4558063;23-08-2026;13:30:00;15:30:00;BOOK;;;;;;;;;;;;;;;;;;;;
NOM;4558063;23-08-2026;20:30:00;23:30:00;BOOK;;;;;;;;;;;;;;;;;;;;
NOM;4571161;19-08-2026;14:00:00;18:00:00;BOOK;;;;;;;;;;;;;;;;;;;;
NOM;4571161;19-08-2026;18:30:00;22:00:00;BOOK;;;;;;;;;;;;;;;;;;;;
NOM;4571161;20-08-2026;14:00:00;22:30:00;BOOK;;;;;;;;;;;;;;;;;;;;
NOM;4571161;21-08-2026;13:30:00;22:30:00;BOOK;;;;;;;;;;;;;;;;;;;;
NOM;4571161;22-08-2026;14:00:00;21:30:00;BOOK;;;;;;;;;;;;;;;;;;;;
NOM;4571161;23-08-2026;13:00:00;22:00:00;BOOK;;;;;;;;;;;;;;;;;;;;
NOM;4593482;17-08-2026;17:00:00;23:00:00;BOOK;;;;;;;;;;;;;;;;;;;;
NOM;4593482;18-08-2026;19:00:00;22:30:00;BOOK;;;;;;;;;;;;;;;;;;;;
NOM;4593482;21-08-2026;18:00:00;23:00:00;BOOK;;;;;;;;;;;;;;;;;;;;
NOM;4593482;22-08-2026;20:30:00;23:00:00;BOOK;;;;;;;;;;;;;;;;;;;;
NOM;4593482;23-08-2026;20:30:00;23:30:00;BOOK;;;;;;;;;;;;;;;;;;;;
NOM;4593515;18-08-2026;18:30:00;23:00:00;BOOK;;;;;;;;;;;;;;;;;;;;
NOM;4593515;19-08-2026;09:30:00;16:00:00;BOOK;;;;;;;;;;;;;;;;;;;;
NOM;4593515;19-08-2026;18:30:00;23:00:00;BOOK;;;;;;;;;;;;;;;;;;;;
NOM;4593515;21-08-2026;09:00:00;15:30:00;BOOK;;;;;;;;;;;;;;;;;;;;
NOM;4593515;21-08-2026;20:30:00;23:00:00;BOOK;;;;;;;;;;;;;;;;;;;;
NOM;4593515;22-08-2026;10:30:00;15:00:00;BOOK;;;;;;;;;;;;;;;;;;;;
NOM;4593515;22-08-2026;21:00:00;00:00:00;BOOK;;;;;;;;;;;;;;;;;;;;
NOM;4593515;23-08-2026;13:30:00;16:00:00;BOOK;;;;;;;;;;;;;;;;;;;;
NOM;4593515;23-08-2026;18:00:00;23:00:00;BOOK;;;;;;;;;;;;;;;;;;;;
NOM;4627510;17-08-2026;14:00:00;16:30:00;BOOK;;;;;;;;;;;;;;;;;;;;
NOM;4627510;17-08-2026;20:00:00;23:00:00;BOOK;;;;;;;;;;;;;;;;;;;;
NOM;4627510;19-08-2026;10:30:00;16:00:00;BOOK;;;;;;;;;;;;;;;;;;;;
NOM;4627510;19-08-2026;17:30:00;23:00:00;BOOK;;;;;;;;;;;;;;;;;;;;
NOM;4627510;20-08-2026;10:30:00;15:30:00;BOOK;;;;;;;;;;;;;;;;;;;;
NOM;4627510;20-08-2026;20:30:00;23:00:00;BOOK;;;;;;;;;;;;;;;;;;;;
NOM;4627510;21-08-2026;10:00:00;15:00:00;BOOK;;;;;;;;;;;;;;;;;;;;
NOM;4627510;21-08-2026;21:00:00;23:30:00;BOOK;;;;;;;;;;;;;;;;;;;;
NOM;4627510;22-08-2026;13:00:00;16:00:00;BOOK;;;;;;;;;;;;;;;;;;;;
NOM;4627510;22-08-2026;18:30:00;22:00:00;BOOK;;;;;;;;;;;;;;;;;;;;
NOM;4636072;19-08-2026;13:00:00;17:00:00;BOOK;;;;;;;;;;;;;;;;;;;;
NOM;4636072;19-08-2026;20:30:00;23:30:00;BOOK;;;;;;;;;;;;;;;;;;;;
NOM;4636072;20-08-2026;09:30:00;15:30:00;BOOK;;;;;;;;;;;;;;;;;;;;
NOM;4636072;20-08-2026;20:30:00;23:00:00;BOOK;;;;;;;;;;;;;;;;;;;;
NOM;4636072;21-08-2026;09:30:00;15:00:00;BOOK;;;;;;;;;;;;;;;;;;;;
NOM;4636072;21-08-2026;20:00:00;23:30:00;BOOK;;;;;;;;;;;;;;;;;;;;
NOM;4636072;22-08-2026;10:00:00;15:30:00;BOOK;;;;;;;;;;;;;;;;;;;;
NOM;4636072;22-08-2026;20:30:00;23:00:00;BOOK;;;;;;;;;;;;;;;;;;;;
NOM;4636072;23-08-2026;14:00:00;17:00:00;BOOK;;;;;;;;;;;;;;;;;;;;
NOM;4636072;23-08-2026;20:30:00;22:30:00;BOOK;;;;;;;;;;;;;;;;;;;;
NOM;4756978;17-08-2026;21:00:00;00:00:00;BOOK;;;;;;;;;;;;;;;;;;;;
NOM;4756978;18-08-2026;21:00:00;00:00:00;BOOK;;;;;;;;;;;;;;;;;;;;
NOM;4756978;19-08-2026;00:00:00;00:30:00;BOOK;;;;;;;;;;;;;;;;;;;;
NOM;4756978;19-08-2026;21:00:00;00:00:00;BOOK;;;;;;;;;;;;;;;;;;;;
NOM;4756978;21-08-2026;21:00:00;00:00:00;BOOK;;;;;;;;;;;;;;;;;;;;
NOM;4756978;23-08-2026;13:30:00;18:30:00;BOOK;;;;;;;;;;;;;;;;;;;;
NOM;4756978;23-08-2026;20:30:00;23:30:00;BOOK;;;;;;;;;;;;;;;;;;;;