codigo_ciudad;rider_ID;dia;hora_inicio;hora_final;accion;;;;;;;;;;;;;;;;;;;;
ALC;4073410;07-07-2026;13:00:00;17:00:00;UNBOOK;;;;;;;;;;;;;;;;;;;;
ALC;4073410;08-07-2026;13:30:00;16:00:00;UNBOOK;;;;;;;;;;;;;;;;;;;;
ALC;4108110;09-07-2026;17:00:00;22:00:00;UNBOOK;;;;;;;;;;;;;;;;;;;;
ALC;4073410;07-07-2026;21:00:00;23:30:00;UNBOOK;;;;;;;;;;;;;;;;;;;;
ALC;4073410;08-07-2026;18:30:00;23:00:00;UNBOOK;;;;;;;;;;;;;;;;;;;;
ALC;4073410;09-07-2026;18:00:00;22:00:00;UNBOOK;;;;;;;;;;;;;;;;;;;;
ALC;4073410;10-07-2026;13:30:00;15:30:00;UNBOOK;;;;;;;;;;;;;;;;;;;;
ALC;4073410;10-07-2026;18:00:00;22:30:00;UNBOOK;;;;;;;;;;;;;;;;;;;;
ALC;4073410;11-07-2026;17:00:00;22:00:00;UNBOOK;;;;;;;;;;;;;;;;;;;;
ALC;4073410;12-07-2026;14:00:00;21:30:00;UNBOOK;43;;;;;;;;;;;;;;;;;;;
ALC;4121786;10-07-2026;13:30:00;16:00:00;UNBOOK;;;;;;;;;;;;;;;;;;;;
ALC;4122280;09-07-2026;12:00:00;15:30:00;UNBOOK;;;;;;;;;;;;;;;;;;;;
ALC;4122260;10-07-2026;23:30:00;00:00:00;UNBOOK;;;;;;;;;;;;;;;;;;;;
ALC;4122260;11-07-2026;00:00:00;01:00:00;UNBOOK;;;;;;;;;;;;;;;;;;;;
ALC;4108110;07-07-2026;13:00:00;17:00:00;BOOK;;;;;;;;;;;;;;;;;;;;
ALC;4108110;08-07-2026;13:30:00;16:00:00;BOOK;;;;;;;;;;;;;;;;;;;;
ALC;4073410;09-07-2026;17:00:00;22:00:00;BOOK;;;;;;;;;;;;;;;;;;;;
ALC;4069832;07-07-2026;21:00:00;23:30:00;BOOK;;;;;;;;;;;;;;;;;;;;
ALC;4112892;08-07-2026;18:30:00;23:00:00;BOOK;;;;;;;;;;;;;;;;;;;;
ALC;4112892;09-07-2026;18:00:00;22:00:00;BOOK;;;;;;;;;;;;;;;;;;;;
ALC;4112892;10-07-2026;13:30:00;15:30:00;BOOK;;;;;;;;;;;;;;;;;;;;
ALC;4112892;10-07-2026;18:00:00;22:30:00;BOOK;;;;;;;;;;;;;;;;;;;;
ALC;4112892;11-07-2026;17:00:00;22:00:00;BOOK;;;;;;;;;;;;;;;;;;;;
ALC;4112892;12-07-2026;14:00:00;21:30:00;BOOK;43;;;;;;;;;;;;;;;;;;;
GRA;4571680;07-07-2026;20:30:00;00:00:00;BOOK;;;;;;;;;;;;;;;;;;;;
GRA;4571680;08-07-2026;13:00:00;15:30:00;BOOK;;;;;;;;;;;;;;;;;;;;
GRA;4571680;08-07-2026;21:00:00;00:00:00;BOOK;;;;;;;;;;;;;;;;;;;;
GRA;4571680;10-07-2026;13:00:00;15:30:00;BOOK;;;;;;;;;;;;;;;;;;;;
GRA;4356939;10-07-2026;21:00:00;00:00:00;BOOK;;;;;;;;;;;;;;;;;;;;
GRA;4356939;11-07-2026;21:00:00;23:30:00;BOOK;;;;;;;;;;;;;;;;;;;;
GRA;4356939;12-07-2026;14:00:00;16:00:00;BOOK;;;;;;;;;;;;;;;;;;;;
GRA;4356939;12-07-2026;18:00:00;23:30:00;BOOK;;;;;;;;;;;;;;;;;;;;
ALC;4122276;10-07-2026;13:30:00;16:00:00;BOOK;;;;;;;;;;;;;;;;;;;;
ALC;4122272;09-07-2026;12:00:00;15:30:00;BOOK;;;;;;;;;;;;;;;;;;;;
ALC;4122276;10-07-2026;23:30:00;00:00:00;BOOK;;;;;;;;;;;;;;;;;;;;
ALC;4122276;11-07-2026;00:00:00;01:00:00;BOOK;;;;;;;;;;;;;;;;;;;;