codigo_ciudad;rider_Id;dia;hora_inicio;hora_final;accion
NOM;4406469;21/09/2026;18:00:00;23:00:00;BOOK
NOM;4406469;22/09/2026;08:30:00;12:00:00;BOOK
NOM;4406469;24/09/2026;09:00:00;16:00:00;BOOK
NOM;4406469;25/09/2026;16:00:00;22:00:00;BOOK
NOM;4406469;26/09/2026;16:30:00;23:00:00;BOOK
NOM;4406469;27/09/2026;14:00:00;21:30:00;BOOK
NOM;4406471;21/09/2026;13:30:00;19:30:00;BOOK
NOM;4406471;21/09/2026;20:00:00;22:00:00;BOOK
NOM;4406471;22/09/2026;11:00:00;16:00:00;BOOK
NOM;4406471;22/09/2026;18:30:00;23:00:00;BOOK
NOM;4406471;23/09/2026;10:30:00;16:30:00;BOOK
NOM;4406471;23/09/2026;20:00:00;22:00:00;BOOK
NOM;4406471;25/09/2026;10:30:00;16:30:00;BOOK
NOM;4406471;25/09/2026;20:30:00;22:30:00;BOOK
NOM;4406471;26/09/2026;13:30:00;16:00:00;BOOK
NOM;4406471;26/09/2026;19:30:00;23:00:00;BOOK
NOM;4406471;27/09/2026;09:30:00;16:00:00;BOOK
NOM;4406471;27/09/2026;20:00:00;22:00:00;BOOK
NOM;4406484;21/09/2026;13:00:00;19:00:00;BOOK
NOM;4406484;21/09/2026;19:30:00;21:30:00;BOOK
NOM;4406484;22/09/2026;13:00:00;19:00:00;BOOK
NOM;4406484;22/09/2026;20:00:00;22:00:00;BOOK
NOM;4406484;23/09/2026;12:30:00;15:00:00;BOOK
NOM;4406484;23/09/2026;17:30:00;23:00:00;BOOK
NOM;4406484;25/09/2026;13:00:00;16:00:00;BOOK
NOM;4406484;25/09/2026;18:30:00;23:30:00;BOOK
NOM;4406484;26/09/2026;13:00:00;16:30:00;BOOK
NOM;4406484;26/09/2026;20:30:00;23:30:00;BOOK
NOM;4406486;21/09/2026;12:00:00;17:30:00;BOOK
NOM;4406486;21/09/2026;22:00:00;00:00:00;BOOK
NOM;4406486;24/09/2026;08:30:00;14:30:00;BOOK
NOM;4406486;25/09/2026;09:30:00;15:00:00;BOOK
NOM;4406486;26/09/2026;12:30:00;16:30:00;BOOK
NOM;4406486;27/09/2026;12:30:00;17:00:00;BOOK
NOM;4406486;27/09/2026;19:00:00;22:30:00;BOOK
NOM;4406488;22/09/2026;09:30:00;14:00:00;BOOK
NOM;4406488;22/09/2026;20:00:00;22:00:00;BOOK
NOM;4406488;23/09/2026;11:00:00;17:00:00;BOOK
NOM;4406488;23/09/2026;20:00:00;22:00:00;BOOK
NOM;4406488;24/09/2026;12:00:00;18:00:00;BOOK
NOM;4406488;24/09/2026;20:00:00;22:00:00;BOOK
NOM;4406488;25/09/2026;11:30:00;17:00:00;BOOK
NOM;4406488;25/09/2026;19:30:00;22:30:00;BOOK
NOM;4406488;26/09/2026;14:00:00;23:00:00;BOOK
NOM;4407103;23/09/2026;16:30:00;19:30:00;BOOK
NOM;4407103;24/09/2026;17:30:00;21:30:00;BOOK
NOM;4407103;25/09/2026;20:30:00;22:30:00;BOOK
NOM;4407103;26/09/2026;18:00:00;22:00:00;BOOK
NOM;4407103;27/09/2026;17:30:00;21:30:00;BOOK
NOM;4409247;23/09/2026;11:30:00;16:00:00;BOOK
NOM;4409247;23/09/2026;20:00:00;22:00:00;BOOK
NOM;4409247;24/09/2026;11:30:00;17:00:00;BOOK
NOM;4409247;24/09/2026;20:00:00;22:00:00;BOOK
NOM;4409247;25/09/2026;12:30:00;18:30:00;BOOK
NOM;4409247;25/09/2026;19:00:00;23:00:00;BOOK
NOM;4409247;26/09/2026;12:00:00;18:00:00;BOOK
NOM;4409247;26/09/2026;20:30:00;22:30:00;BOOK
NOM;4409247;27/09/2026;10:00:00;15:30:00;BOOK
NOM;4409247;27/09/2026;20:00:00;22:30:00;BOOK
NOM;4409250;21/09/2026;08:30:00;14:00:00;BOOK
NOM;4409250;24/09/2026;08:30:00;10:30:00;BOOK
NOM;4409250;24/09/2026;11:00:00;15:00:00;BOOK
NOM;4409250;25/09/2026;08:30:00;14:30:00;BOOK
NOM;4409250;25/09/2026;20:30:00;22:30:00;BOOK
NOM;4409250;26/09/2026;11:00:00;15:00:00;BOOK
NOM;4409250;26/09/2026;21:00:00;23:00:00;BOOK
NOM;4409250;27/09/2026;10:30:00;15:00:00;BOOK
NOM;4409250;27/09/2026;20:00:00;22:00:00;BOOK
NOM;4409252;22/09/2026;12:00:00;14:30:00;BOOK
NOM;4409252;22/09/2026;20:30:00;23:30:00;BOOK
NOM;4409252;23/09/2026;09:00:00;11:00:00;BOOK
NOM;4409252;23/09/2026;13:00:00;15:00:00;BOOK
NOM;4409252;24/09/2026;13:30:00;15:30:00;BOOK
NOM;4409252;24/09/2026;20:30:00;22:30:00;BOOK
NOM;4409252;25/09/2026;08:30:00;10:30:00;BOOK
NOM;4409252;25/09/2026;20:30:00;22:30:00;BOOK
NOM;4409252;26/09/2026;12:30:00;16:30:00;BOOK
NOM;4409252;26/09/2026;20:30:00;00:00:00;BOOK
NOM;4409252;27/09/2026;13:30:00;15:30:00;BOOK
NOM;4409252;27/09/2026;20:00:00;22:00:00;BOOK
NOM;4409255;21/09/2026;12:00:00;16:00:00;BOOK
NOM;4409255;21/09/2026;18:30:00;22:30:00;BOOK
NOM;4409255;22/09/2026;13:30:00;18:30:00;BOOK
NOM;4409255;22/09/2026;20:00:00;23:00:00;BOOK
NOM;4409255;24/09/2026;12:30:00;14:30:00;BOOK
NOM;4409255;24/09/2026;17:00:00;20:00:00;BOOK
NOM;4409255;25/09/2026;13:00:00;16:00:00;BOOK
NOM;4409255;25/09/2026;18:30:00;23:30:00;BOOK
NOM;4409255;26/09/2026;13:30:00;15:30:00;BOOK
NOM;4409255;26/09/2026;20:00:00;22:00:00;BOOK
NOM;4409255;27/09/2026;13:00:00;18:00:00;BOOK
NOM;4409256;21/09/2026;19:00:00;23:00:00;BOOK
NOM;4409256;24/09/2026;19:00:00;00:00:00;BOOK
NOM;4409256;25/09/2026;19:00:00;00:00:00;BOOK
NOM;4409256;26/09/2026;10:00:00;16:00:00;BOOK
NOM;4409256;26/09/2026;20:00:00;22:30:00;BOOK
NOM;4409256;27/09/2026;10:30:00;15:30:00;BOOK
NOM;4409256;27/09/2026;20:00:00;22:30:00;BOOK
NOM;4409258;21/09/2026;13:00:00;15:00:00;BOOK
NOM;4409258;21/09/2026;16:30:00;22:00:00;BOOK
NOM;4409258;23/09/2026;19:00:00;22:30:00;BOOK
NOM;4409258;24/09/2026;19:30:00;23:00:00;BOOK
NOM;4409258;25/09/2026;13:00:00;16:00:00;BOOK
NOM;4409258;25/09/2026;18:30:00;23:30:00;BOOK
NOM;4409258;26/09/2026;09:00:00;13:30:00;BOOK
NOM;4409258;26/09/2026;14:30:00;17:00:00;BOOK
NOM;4409258;27/09/2026;13:00:00;16:30:00;BOOK
NOM;4409258;27/09/2026;18:30:00;21:30:00;BOOK
NOM;4409259;23/09/2026;12:30:00;14:30:00;BOOK
NOM;4409259;23/09/2026;17:30:00;22:30:00;BOOK
NOM;4409259;24/09/2026;14:00:00;19:00:00;BOOK
NOM;4409259;24/09/2026;20:30:00;22:30:00;BOOK
NOM;4409259;25/09/2026;13:00:00;16:00:00;BOOK
NOM;4409259;25/09/2026;18:30:00;23:30:00;BOOK
NOM;4409259;26/09/2026;13:00:00;16:00:00;BOOK
NOM;4409259;26/09/2026;20:30:00;23:30:00;BOOK
NOM;4409259;27/09/2026;13:00:00;16:30:00;BOOK
NOM;4409259;27/09/2026;18:30:00;21:30:00;BOOK
NOM;4409261;21/09/2026;13:30:00;15:30:00;BOOK
NOM;4409261;21/09/2026;18:00:00;23:30:00;BOOK
NOM;4409261;22/09/2026;12:00:00;15:30:00;BOOK
NOM;4409261;22/09/2026;20:30:00;22:30:00;BOOK
NOM;4409261;24/09/2026;20:30:00;23:30:00;BOOK
NOM;4409261;25/09/2026;14:00:00;18:30:00;BOOK
NOM;4409261;25/09/2026;20:00:00;22:00:00;BOOK
NOM;4409261;26/09/2026;13:00:00;16:00:00;BOOK
NOM;4409261;26/09/2026;20:00:00;23:30:00;BOOK
NOM;4409261;27/09/2026;14:00:00;19:00:00;BOOK
NOM;4409261;27/09/2026;20:30:00;23:00:00;BOOK
NOM;4459548;23/09/2026;13:30:00;19:00:00;BOOK
NOM;4459548;23/09/2026;20:00:00;22:00:00;BOOK
NOM;4459548;24/09/2026;10:30:00;14:00:00;BOOK
NOM;4459548;24/09/2026;18:00:00;22:00:00;BOOK
NOM;4459548;25/09/2026;13:00:00;16:00:00;BOOK
NOM;4459548;25/09/2026;18:30:00;23:30:00;BOOK
NOM;4459548;26/09/2026;13:00:00;15:00:00;BOOK
NOM;4459548;26/09/2026;18:30:00;23:30:00;BOOK
NOM;4459548;27/09/2026;13:00:00;16:30:00;BOOK
NOM;4459548;27/09/2026;18:30:00;22:30:00;BOOK
NOM;4459675;22/09/2026;13:00:00;15:00:00;BOOK
NOM;4459675;22/09/2026;18:00:00;20:00:00;BOOK
NOM;4459675;23/09/2026;17:00:00;21:00:00;BOOK
NOM;4459675;24/09/2026;13:00:00;15:00:00;BOOK
NOM;4459675;24/09/2026;20:30:00;22:30:00;BOOK
NOM;4459675;25/09/2026;13:30:00;15:30:00;BOOK
NOM;4459675;25/09/2026;20:00:00;23:00:00;BOOK
NOM;4459675;26/09/2026;20:30:00;00:00:00;BOOK
NOM;4459675;27/09/2026;13:30:00;15:30:00;BOOK
NOM;4459675;27/09/2026;20:00:00;22:00:00;BOOK
NOM;4476129;21/09/2026;10:00:00;16:00:00;BOOK
NOM;4476129;22/09/2026;10:30:00;14:30:00;BOOK
NOM;4476129;22/09/2026;20:00:00;22:00:00;BOOK
NOM;4476129;23/09/2026;13:30:00;17:30:00;BOOK
NOM;4476129;23/09/2026;20:00:00;22:00:00;BOOK
NOM;4476129;24/09/2026;15:30:00;19:00:00;BOOK
NOM;4476129;24/09/2026;20:30:00;22:30:00;BOOK
NOM;4476129;25/09/2026;13:30:00;15:30:00;BOOK
NOM;4476129;25/09/2026;20:00:00;23:00:00;BOOK
NOM;4476137;21/09/2026;12:30:00;18:00:00;BOOK
NOM;4476137;23/09/2026;13:30:00;15:30:00;BOOK
NOM;4476137;23/09/2026;16:30:00;18:30:00;BOOK
NOM;4476137;24/09/2026;13:30:00;15:30:00;BOOK
NOM;4476137;24/09/2026;17:00:00;19:30:00;BOOK
NOM;4476137;25/09/2026;09:30:00;11:30:00;BOOK
NOM;4476137;25/09/2026;19:00:00;23:00:00;BOOK
NOM;4476137;26/09/2026;16:30:00;18:30:00;BOOK
NOM;4476137;26/09/2026;20:00:00;23:00:00;BOOK
NOM;4476137;27/09/2026;09:00:00;11:00:00;BOOK
NOM;4476137;27/09/2026;20:30:00;22:30:00;BOOK
NOM;4476138;21/09/2026;18:00:00;23:00:00;BOOK
NOM;4476138;22/09/2026;09:00:00;15:00:00;BOOK
NOM;4476138;23/09/2026;18:30:00;23:00:00;BOOK
NOM;4476138;25/09/2026;17:30:00;23:00:00;BOOK
NOM;4476138;26/09/2026;20:30:00;23:30:00;BOOK
NOM;4476138;27/09/2026;20:30:00;23:00:00;BOOK
NOM;4476139;22/09/2026;13:00:00;16:30:00;BOOK
NOM;4476139;22/09/2026;19:00:00;21:00:00;BOOK
NOM;4476139;23/09/2026;08:30:00;14:30:00;BOOK
NOM;4476139;24/09/2026;13:00:00;15:30:00;BOOK
NOM;4476139;24/09/2026;19:30:00;22:00:00;BOOK
NOM;4476139;26/09/2026;09:00:00;11:00:00;BOOK
NOM;4476139;26/09/2026;20:30:00;23:00:00;BOOK
NOM;4476139;27/09/2026;13:30:00;16:00:00;BOOK
NOM;4535094;21/09/2026;17:30:00;21:00:00;BOOK
NOM;4535094;22/09/2026;13:00:00;21:30:00;BOOK
NOM;4535094;23/09/2026;13:00:00;15:30:00;BOOK
NOM;4535094;23/09/2026;20:30:00;23:00:00;BOOK
NOM;4535094;25/09/2026;14:00:00;18:30:00;BOOK
NOM;4535094;25/09/2026;20:00:00;23:00:00;BOOK
NOM;4535094;26/09/2026;13:00:00;16:30:00;BOOK
NOM;4535094;26/09/2026;20:00:00;23:30:00;BOOK
NOM;4535094;27/09/2026;13:30:00;17:30:00;BOOK
NOM;4535094;27/09/2026;20:00:00;22:00:00;BOOK
NOM;4555682;21/09/2026;10:30:00;16:30:00;BOOK
NOM;4555682;21/09/2026;20:00:00;22:00:00;BOOK
NOM;4555682;24/09/2026;11:30:00;17:30:00;BOOK
NOM;4555682;24/09/2026;20:00:00;22:00:00;BOOK
NOM;4555682;25/09/2026;12:00:00;20:00:00;BOOK
NOM;4555682;25/09/2026;20:30:00;22:30:00;BOOK
NOM;4555682;26/09/2026;16:00:00;19:00:00;BOOK
NOM;4555682;26/09/2026;20:00:00;23:30:00;BOOK
NOM;4555682;27/09/2026;16:00:00;23:30:00;BOOK
NOM;4558063;21/09/2026;09:00:00;15:00:00;BOOK
NOM;4558063;21/09/2026;20:00:00;22:00:00;BOOK
NOM;4558063;22/09/2026;09:00:00;11:30:00;BOOK
NOM;4558063;22/09/2026;19:00:00;22:00:00;BOOK
NOM;4558063;24/09/2026;09:30:00;11:30:00;BOOK
NOM;4558063;24/09/2026;13:00:00;15:00:00;BOOK
NOM;4558063;25/09/2026;20:30:00;00:00:00;BOOK
NOM;4558063;26/09/2026;13:30:00;15:30:00;BOOK
NOM;4558063;26/09/2026;20:30:00;22:30:00;BOOK
NOM;4558063;27/09/2026;15:30:00;19:00:00;BOOK
NOM;4558063;27/09/2026;20:00:00;22:00:00;BOOK
NOM;4571161;23/09/2026;09:00:00;15:00:00;BOOK
NOM;4571161;24/09/2026;09:30:00;17:00:00;BOOK
NOM;4571161;25/09/2026;11:30:00;16:30:00;BOOK
NOM;4571161;26/09/2026;12:00:00;18:00:00;BOOK
NOM;4571161;27/09/2026;08:30:00;14:00:00;BOOK
NOM;4756978;21/09/2026;21:00:00;00:00:00;BOOK
NOM;4756978;22/09/2026;21:00:00;00:00:00;BOOK
NOM;4756978;25/09/2026;21:00:00;00:00:00;BOOK
NOM;4756978;26/09/2026;16:00:00;21:30:00;BOOK
NOM;4756978;27/09/2026;15:30:00;21:00:00;BOOK
NOM;4868471;21/09/2026;11:30:00;15:30:00;BOOK
NOM;4868471;21/09/2026;19:30:00;22:30:00;BOOK
NOM;4868471;22/09/2026;13:00:00;20:00:00;BOOK
NOM;4868471;24/09/2026;19:30:00;23:00:00;BOOK
NOM;4868471;25/09/2026;12:30:00;15:00:00;BOOK
NOM;4868471;25/09/2026;20:00:00;23:30:00;BOOK
NOM;4868471;26/09/2026;10:00:00;12:00:00;BOOK
NOM;4868471;26/09/2026;20:00:00;22:00:00;BOOK
NOM;4868471;27/09/2026;08:30:00;10:30:00;BOOK
NOM;4868471;27/09/2026;19:30:00;23:00:00;BOOK
NOM;4868479;21/09/2026;09:00:00;13:00:00;BOOK
NOM;4868479;21/09/2026;20:30:00;22:30:00;BOOK
NOM;4868479;22/09/2026;08:30:00;13:30:00;BOOK
NOM;4868479;22/09/2026;17:30:00;21:30:00;BOOK
NOM;4868479;24/09/2026;20:00:00;23:30:00;BOOK
NOM;4868479;25/09/2026;13:30:00;15:30:00;BOOK
NOM;4868479;25/09/2026;20:00:00;22:00:00;BOOK
NOM;4868479;26/09/2026;18:00:00;00:00:00;BOOK
NOM;4868479;27/09/2026;11:00:00;15:00:00;BOOK
NOM;4868479;27/09/2026;20:30:00;23:00:00;BOOK
NOM;4872367;22/09/2026;11:30:00;15:00:00;BOOK
NOM;4872367;22/09/2026;19:00:00;21:30:00;BOOK
NOM;4872367;23/09/2026;09:30:00;12:30:00;BOOK
NOM;4872367;23/09/2026;18:00:00;22:00:00;BOOK
NOM;4872367;24/09/2026;12:00:00;14:00:00;BOOK
NOM;4872367;25/09/2026;09:30:00;13:00:00;BOOK
NOM;4872367;26/09/2026;09:00:00;13:00:00;BOOK
NOM;4872367;26/09/2026;19:30:00;21:30:00;BOOK
NOM;4872367;27/09/2026;12:30:00;16:00:00;BOOK
NOM;4872367;27/09/2026;21:00:00;23:30:00;BOOK
NOM;4872373;21/09/2026;12:30:00;18:00:00;BOOK
NOM;4872373;22/09/2026;14:30:00;18:00:00;BOOK
NOM;4872373;22/09/2026;20:00:00;22:00:00;BOOK
NOM;4872373;24/09/2026;09:30:00;11:30:00;BOOK
NOM;4872373;24/09/2026;13:00:00;15:30:00;BOOK
NOM;4872373;25/09/2026;17:30:00;19:30:00;BOOK
NOM;4872373;25/09/2026;20:30:00;22:30:00;BOOK
NOM;4872373;26/09/2026;13:30:00;16:00:00;BOOK
NOM;4872373;26/09/2026;21:00:00;23:00:00;BOOK
NOM;4872373;27/09/2026;13:30:00;15:30:00;BOOK
NOM;4872373;27/09/2026;20:00:00;22:00:00;BOOK
NOM;4892679;21/09/2026;08:30:00;14:30:00;BOOK
NOM;4892679;23/09/2026;08:30:00;14:30:00;BOOK
NOM;4892679;25/09/2026;09:00:00;15:00:00;BOOK
NOM;4892679;26/09/2026;09:00:00;15:00:00;BOOK
NOM;4892679;26/09/2026;19:30:00;21:30:00;BOOK
NOM;4892679;27/09/2026;09:00:00;15:00:00;BOOK
NOM;4892679;27/09/2026;21:00:00;23:30:00;BOOK
NOM;4895231;22/09/2026;13:30:00;17:30:00;BOOK
NOM;4895231;22/09/2026;20:00:00;22:00:00;BOOK
NOM;4895231;23/09/2026;11:00:00;16:30:00;BOOK
NOM;4895231;24/09/2026;17:30:00;19:30:00;BOOK
NOM;4895231;24/09/2026;20:00:00;22:30:00;BOOK
NOM;4895231;25/09/2026;13:30:00;15:30:00;BOOK
NOM;4895231;25/09/2026;20:00:00;23:00:00;BOOK
NOM;4895231;26/09/2026;13:30:00;15:30:00;BOOK
NOM;4895231;26/09/2026;20:00:00;23:00:00;BOOK
NOM;4895231;27/09/2026;13:30:00;15:30:00;BOOK
NOM;4895231;27/09/2026;20:30:00;22:30:00;BOOK
NOM;4898486;23/09/2026;20:00:00;00:00:00;BOOK
NOM;4898486;24/09/2026;20:00:00;00:00:00;BOOK
NOM;4898486;25/09/2026;20:00:00;00:00:00;BOOK
NOM;4898486;26/09/2026;20:00:00;00:00:00;BOOK
NOM;4898486;27/09/2026;20:00:00;00:00:00;BOOK
NOM;4899597;23/09/2026;18:30:00;22:30:00;BOOK
NOM;4899597;24/09/2026;18:30:00;22:30:00;BOOK
NOM;4899597;25/09/2026;18:00:00;22:30:00;BOOK
NOM;4899597;26/09/2026;09:00:00;13:00:00;BOOK
NOM;4899597;27/09/2026;09:30:00;13:00:00;BOOK
NOM;4903339;23/09/2026;16:00:00;18:00:00;BOOK
NOM;4903339;23/09/2026;19:30:00;23:30:00;BOOK
NOM;4903339;24/09/2026;16:00:00;18:30:00;BOOK
NOM;4903339;24/09/2026;19:00:00;22:30:00;BOOK
NOM;4903339;25/09/2026;16:00:00;18:00:00;BOOK
NOM;4903339;25/09/2026;19:00:00;23:00:00;BOOK
NOM;4903339;26/09/2026;16:00:00;18:00:00;BOOK
NOM;4903339;26/09/2026;19:00:00;23:00:00;BOOK
NOM;4903339;27/09/2026;16:00:00;18:30:00;BOOK
NOM;4903339;27/09/2026;20:00:00;23:30:00;BOOK
NOM;4903340;22/09/2026;20:00:00;23:00:00;BOOK
NOM;4903340;23/09/2026;20:00:00;23:00:00;BOOK
NOM;4903340;25/09/2026;19:00:00;22:30:00;BOOK
NOM;4903340;26/09/2026;17:30:00;22:30:00;BOOK
NOM;4903340;27/09/2026;17:30:00;23:00:00;BOOK
NOM;4476139;27/09/2026;19:00:00;22:30:00;BOOK