codigo_ciudad;dia;hora_inicio;hora_final;accion;rider_id;
SAB;03/08/2026;12:00;18:00;BOOK;4515532;
SAB;03/08/2026;12:00;18:00;BOOK;4515533;
SAB;03/08/2026;12:00;18:00;BOOK;4503209;
SAB;03/08/2026;12:00;18:00;BOOK;4555685;
SAB;03/08/2026;12:00;18:00;BOOK;4502586;
SAB;03/08/2026;12:00;18:00;BOOK;4503602;
SAB;03/08/2026;13:00;15:00;BOOK;4503208;
SAB;03/08/2026;13:00;14:00;BOOK;4503211;
SAB;03/08/2026;13:30;14:00;BOOK;4529491;
SAB;03/08/2026;17:30;00:00;BOOK;4571710;
SAB;03/08/2026;17:30;00:00;BOOK;4503212;
SAB;03/08/2026;18:00;00:00;BOOK;4503208;
SAB;03/08/2026;18:00;23:00;BOOK;4571713;
SAB;03/08/2026;18:00;23:00;BOOK;4592954;
SAB;03/08/2026;18:00;22:30;BOOK;4592955;
SAB;03/08/2026;18:30;22:00;BOOK;4503211;
SAB;03/08/2026;20:00;22:00;BOOK;4529491;
SAB;03/08/2026;20:00;21:30;BOOK;4503209;
SAB;03/08/2026;20:00;21:30;BOOK;4503602;
SAB;03/08/2026;20:00;21:00;BOOK;4515532;
SAB;04/08/2026;12:00;17:30;BOOK;4592956;
SAB;04/08/2026;12:00;17:30;BOOK;4592958;
SAB;04/08/2026;12:00;17:30;BOOK;4594875;
SAB;04/08/2026;12:00;17:30;BOOK;4594878;
SAB;04/08/2026;12:30;15:00;BOOK;4639813;
SAB;04/08/2026;13:00;15:00;BOOK;4639814;
SAB;04/08/2026;13:30;14:00;BOOK;4639815;
SAB;04/08/2026;17:30;00:00;BOOK;4639815;
SAB;04/08/2026;17:30;00:00;BOOK;4639814;
SAB;04/08/2026;17:30;00:00;BOOK;4639813;
SAB;04/08/2026;17:30;23:00;BOOK;4515533;
SAB;04/08/2026;17:30;22:30;BOOK;4503212;
SAB;04/08/2026;17:30;22:00;BOOK;4503208;
SAB;04/08/2026;20:00;22:00;BOOK;4592956;
SAB;04/08/2026;20:00;21:30;BOOK;4592958;
SAB;04/08/2026;20:00;21:30;BOOK;4594875;
SAB;04/08/2026;20:00;21:30;BOOK;4594878;
SAB;04/08/2026;20:30;21:30;BOOK;4655053;
SAB;05/08/2026;12:00;18:00;BOOK;4502586;
SAB;05/08/2026;12:00;18:00;BOOK;4592958;
SAB;05/08/2026;12:00;18:00;BOOK;4515532;
SAB;05/08/2026;12:00;18:00;BOOK;4555685;
SAB;05/08/2026;12:00;18:00;BOOK;4503209;
SAB;05/08/2026;12:00;18:00;BOOK;4503602;
SAB;05/08/2026;13:00;14:30;BOOK;4571710;
SAB;05/08/2026;13:00;14:30;BOOK;4571713;
SAB;05/08/2026;13:00;13:30;BOOK;4594878;
SAB;05/08/2026;13:00;13:30;BOOK;4655053;
SAB;05/08/2026;13:00;13:30;BOOK;4690296;
SAB;05/08/2026;17:30;00:00;BOOK;4571710;
SAB;05/08/2026;17:30;00:00;BOOK;4571713;
SAB;05/08/2026;18:00;00:00;BOOK;4594878;
SAB;05/08/2026;18:00;23:00;BOOK;4639815;
SAB;05/08/2026;18:00;23:00;BOOK;4687178;
SAB;05/08/2026;18:00;22:30;BOOK;4655053;
SAB;05/08/2026;18:30;22:30;BOOK;4662891;
SAB;05/08/2026;19:00;22:00;BOOK;4592956;
SAB;05/08/2026;19:30;22:00;BOOK;4529491;
SAB;05/08/2026;20:00;22:00;BOOK;4639814;
SAB;05/08/2026;20:00;21:30;BOOK;4502586;
SAB;05/08/2026;20:00;21:30;BOOK;4592958;
SAB;05/08/2026;20:00;21:30;BOOK;4515532;
SAB;05/08/2026;20:00;21:00;BOOK;4555685;
SAB;05/08/2026;20:30;21:00;BOOK;4503209;
SAB;06/08/2026;12:00;18:00;BOOK;4503211;
SAB;06/08/2026;12:00;18:00;BOOK;4515533;
SAB;06/08/2026;12:00;18:00;BOOK;4503212;
SAB;06/08/2026;12:00;18:00;BOOK;4515532;
SAB;06/08/2026;12:00;18:00;BOOK;4503209;
SAB;06/08/2026;13:00;15:00;BOOK;4571710;
SAB;06/08/2026;13:00;14:00;BOOK;4502586;
SAB;06/08/2026;13:00;14:00;BOOK;4655053;
SAB;06/08/2026;18:00;00:00;BOOK;4503602;
SAB;06/08/2026;18:00;00:00;BOOK;4571713;
SAB;06/08/2026;18:00;00:00;BOOK;4592954;
SAB;06/08/2026;18:00;23:00;BOOK;4592955;
SAB;06/08/2026;18:00;22:30;BOOK;4592956;
SAB;06/08/2026;18:30;22:30;BOOK;4592958;
SAB;06/08/2026;19:00;22:00;BOOK;4594875;
SAB;06/08/2026;19:30;22:00;BOOK;4594878;
SAB;06/08/2026;19:30;22:00;BOOK;4639813;
SAB;06/08/2026;20:00;22:00;BOOK;4639814;
SAB;06/08/2026;20:00;22:00;BOOK;4639815;
SAB;06/08/2026;20:00;22:00;BOOK;4503211;
SAB;06/08/2026;20:00;21:30;BOOK;4515533;
SAB;06/08/2026;20:00;21:30;BOOK;4503212;
SAB;06/08/2026;20:00;21:30;BOOK;4555685;
SAB;06/08/2026;20:00;21:30;BOOK;4503209;
SAB;06/08/2026;20:00;21:30;BOOK;4662891;
SAB;06/08/2026;20:30;21:00;BOOK;4571710;
SAB;06/08/2026;20:30;21:00;BOOK;4502586;
SAB;06/08/2026;20:30;21:00;BOOK;4655053;
SAB;07/08/2026;12:00;18:00;BOOK;4502586;
SAB;07/08/2026;12:00;18:00;BOOK;4503208;
SAB;07/08/2026;12:00;18:00;BOOK;4503209;
SAB;07/08/2026;12:30;18:00;BOOK;4503211;
SAB;07/08/2026;12:30;18:00;BOOK;4529491;
SAB;07/08/2026;13:00;18:00;BOOK;4555685;
SAB;07/08/2026;13:00;15:00;BOOK;4639813;
SAB;07/08/2026;13:00;15:00;BOOK;4690296;
SAB;07/08/2026;13:30;15:00;BOOK;4639815;
SAB;07/08/2026;14:00;14:30;BOOK;4592956;
SAB;07/08/2026;14:00;14:30;BOOK;4639814;
SAB;07/08/2026;18:00;00:00;BOOK;4662891;
SAB;07/08/2026;18:00;00:00;BOOK;4687178;
SAB;07/08/2026;18:00;00:00;BOOK;4639815;
SAB;07/08/2026;18:00;00:00;BOOK;4571710;
SAB;07/08/2026;18:00;00:00;BOOK;4571713;
SAB;07/08/2026;18:00;23:30;BOOK;4529491;
SAB;07/08/2026;18:00;23:30;BOOK;4690296;
SAB;07/08/2026;18:00;23:30;BOOK;4503212;
SAB;07/08/2026;18:30;23:30;BOOK;4503602;
SAB;07/08/2026;18:30;23:30;BOOK;4592954;
SAB;07/08/2026;18:30;23:00;BOOK;4592955;
SAB;07/08/2026;19:00;23:00;BOOK;4594875;
SAB;07/08/2026;19:00;23:00;BOOK;4594878;
SAB;07/08/2026;19:00;23:00;BOOK;4655053;
SAB;07/08/2026;19:00;23:00;BOOK;4639814;
SAB;07/08/2026;19:00;23:00;BOOK;4515532;
SAB;07/08/2026;19:00;23:00;BOOK;4515533;
SAB;07/08/2026;19:00;23:00;BOOK;4555685;
SAB;07/08/2026;19:30;23:00;BOOK;4592958;
SAB;07/08/2026;19:30;23:00;BOOK;4502586;
SAB;07/08/2026;19:30;23:00;BOOK;4503208;
SAB;07/08/2026;19:30;23:00;BOOK;4503209;
SAB;07/08/2026;20:00;22:30;BOOK;4639813;
SAB;07/08/2026;20:00;22:30;BOOK;4503211;
SAB;07/08/2026;20:30;22:30;BOOK;4592956;
SAB;08/08/2026;12:00;18:00;BOOK;4502586;
SAB;08/08/2026;12:00;18:00;BOOK;4503208;
SAB;08/08/2026;12:00;18:00;BOOK;4515532;
SAB;08/08/2026;12:00;18:00;BOOK;4503211;
SAB;08/08/2026;12:00;18:00;BOOK;4687178;
SAB;08/08/2026;12:00;18:00;BOOK;4690296;
SAB;08/08/2026;12:00;15:00;BOOK;4639813;
SAB;08/08/2026;12:00;15:00;BOOK;4639814;
SAB;08/08/2026;12:00;15:00;BOOK;4639815;
SAB;08/08/2026;12:00;15:00;BOOK;4515533;
SAB;08/08/2026;12:00;15:00;BOOK;4529491;
SAB;08/08/2026;12:30;14:30;BOOK;4655053;
SAB;08/08/2026;12:30;14:30;BOOK;4662891;
SAB;08/08/2026;13:00;14:30;BOOK;4594875;
SAB;08/08/2026;13:00;14:30;BOOK;4503212;
SAB;08/08/2026;13:00;14:30;BOOK;4503602;
SAB;08/08/2026;13:30;14:00;BOOK;4503209;
SAB;08/08/2026;13:30;14:00;BOOK;4592956;
SAB;08/08/2026;13:30;14:00;BOOK;4555685;
SAB;08/08/2026;18:00;00:00;BOOK;4639813;
SAB;08/08/2026;18:00;00:00;BOOK;4639814;
SAB;08/08/2026;18:00;00:00;BOOK;4662891;
SAB;08/08/2026;18:00;00:00;BOOK;4571710;
SAB;08/08/2026;18:00;00:00;BOOK;4571713;
SAB;08/08/2026;18:00;23:30;BOOK;4529491;
SAB;08/08/2026;18:30;23:30;BOOK;4639815;
SAB;08/08/2026;18:30;23:30;BOOK;4503212;
SAB;08/08/2026;18:30;23:30;BOOK;4503602;
SAB;08/08/2026;18:30;23:30;BOOK;4592954;
SAB;08/08/2026;18:30;23:00;BOOK;4592955;
SAB;08/08/2026;19:00;23:00;BOOK;4594875;
SAB;08/08/2026;19:00;23:00;BOOK;4594878;
SAB;08/08/2026;19:00;23:00;BOOK;4503209;
SAB;08/08/2026;19:00;23:00;BOOK;4503211;
SAB;08/08/2026;19:00;23:00;BOOK;4655053;
SAB;08/08/2026;19:00;23:00;BOOK;4515533;
SAB;08/08/2026;19:00;23:00;BOOK;4592956;
SAB;08/08/2026;19:30;23:00;BOOK;4592958;
SAB;08/08/2026;19:30;23:00;BOOK;4502586;
SAB;08/08/2026;19:30;23:00;BOOK;4503208;
SAB;08/08/2026;19:30;23:00;BOOK;4515532;
SAB;08/08/2026;20:00;22:30;BOOK;4555685;
SAB;08/08/2026;20:00;22:30;BOOK;4687178;
SAB;08/08/2026;20:30;22:30;BOOK;4690296;
SAB;09/08/2026;12:00;18:00;BOOK;4515533;
SAB;09/08/2026;12:00;18:00;BOOK;4503208;
SAB;09/08/2026;12:00;18:00;BOOK;4503212;
SAB;09/08/2026;12:00;18:00;BOOK;4503211;
SAB;09/08/2026;12:00;18:00;BOOK;4592956;
SAB;09/08/2026;12:00;18:00;BOOK;4555685;
SAB;09/08/2026;12:00;18:00;BOOK;4690296;
SAB;09/08/2026;12:00;15:30;BOOK;4655053;
SAB;09/08/2026;12:00;15:00;BOOK;4639815;
SAB;09/08/2026;12:00;15:00;BOOK;4502586;
SAB;09/08/2026;12:30;14:30;BOOK;4592954;
SAB;09/08/2026;12:30;14:30;BOOK;4571710;
SAB;09/08/2026;13:00;14:30;BOOK;4515532;
SAB;09/08/2026;13:00;14:30;BOOK;4503602;
SAB;09/08/2026;13:00;14:30;BOOK;4503209;
SAB;09/08/2026;13:30;14:30;BOOK;4687178;
SAB;09/08/2026;13:30;14:00;BOOK;4529491;
SAB;09/08/2026;13:30;14:00;BOOK;4571713;
SAB;09/08/2026;13:30;14:00;BOOK;4639813;
SAB;09/08/2026;18:00;00:00;BOOK;4639813;
SAB;09/08/2026;18:00;00:00;BOOK;4639814;
SAB;09/08/2026;18:00;00:00;BOOK;4639815;
SAB;09/08/2026;18:00;00:00;BOOK;4571710;
SAB;09/08/2026;18:00;00:00;BOOK;4571713;
SAB;09/08/2026;18:00;23:30;BOOK;4592955;
SAB;09/08/2026;18:00;23:30;BOOK;4555685;
SAB;09/08/2026;18:30;23:30;BOOK;4662891;
SAB;09/08/2026;18:30;23:30;BOOK;4503602;
SAB;09/08/2026;18:30;23:30;BOOK;4592954;
SAB;09/08/2026;18:30;23:00;BOOK;4529491;
SAB;09/08/2026;19:00;23:00;BOOK;4502586;
SAB;09/08/2026;19:00;23:00;BOOK;4503208;
SAB;09/08/2026;19:00;23:00;BOOK;4503209;
SAB;09/08/2026;19:00;23:00;BOOK;4503211;
SAB;09/08/2026;19:00;23:00;BOOK;4515532;
SAB;09/08/2026;19:00;23:00;BOOK;4515533;
SAB;09/08/2026;19:00;23:00;BOOK;4687178;
SAB;09/08/2026;19:30;23:00;BOOK;4592958;
SAB;09/08/2026;19:30;23:00;BOOK;4594875;
SAB;09/08/2026;19:30;23:00;BOOK;4594878;
SAB;09/08/2026;19:30;23:00;BOOK;4655053;
SAB;09/08/2026;20:00;22:30;BOOK;4503212;
SAB;09/08/2026;20:00;22:30;BOOK;4592956;
SAB;09/08/2026;20:30;22:30;BOOK;4690296;