codigo_ciudad;dia;hora_inicio;hora_final;accion;rider_id
SAB;29/08/2026;12:00;18:00;BOOK;4502586
SAB;29/08/2026;12:00;18:00;BOOK;4503208
SAB;29/08/2026;12:00;18:00;BOOK;4503602
SAB;29/08/2026;12:30;18:00;BOOK;4515533
SAB;29/08/2026;12:30;17:30;BOOK;4503212
SAB;29/08/2026;12:30;17:00;BOOK;4503209
SAB;29/08/2026;13:00;17:00;BOOK;4639813
SAB;29/08/2026;13:00;17:00;BOOK;4639814
SAB;29/08/2026;13:00;15:30;BOOK;4555685
SAB;29/08/2026;13:00;15:30;BOOK;4503211
SAB;29/08/2026;13:00;15:00;BOOK;4529491
SAB;29/08/2026;13:00;15:00;BOOK;4655053
SAB;29/08/2026;13:30;15:00;BOOK;4662891
SAB;29/08/2026;13:30;15:00;BOOK;4594875
SAB;29/08/2026;13:30;14:30;BOOK;4571710
SAB;29/08/2026;13:30;14:00;BOOK;4515532
SAB;29/08/2026;18:00;00:00;BOOK;4639813
SAB;29/08/2026;18:00;00:00;BOOK;4639814
SAB;29/08/2026;18:00;00:00;BOOK;4662891
SAB;29/08/2026;18:00;23:30;BOOK;4571710
SAB;29/08/2026;18:00;23:00;BOOK;4571713
SAB;29/08/2026;19:00;23:00;BOOK;4529491
SAB;29/08/2026;19:00;23:00;BOOK;4515533
SAB;29/08/2026;19:30;23:00;BOOK;4503212
SAB;29/08/2026;19:30;23:00;BOOK;4503602
SAB;29/08/2026;19:30;23:00;BOOK;4592954
SAB;29/08/2026;19:30;22:30;BOOK;4592955
SAB;29/08/2026;20:00;22:30;BOOK;4594875
SAB;29/08/2026;20:00;22:30;BOOK;4594878
SAB;29/08/2026;20:00;22:30;BOOK;4503209
SAB;29/08/2026;20:00;22:30;BOOK;4503211
SAB;29/08/2026;20:00;22:30;BOOK;4655053
SAB;29/08/2026;20:00;22:30;BOOK;4555685
SAB;29/08/2026;20:00;22:30;BOOK;4592956
SAB;29/08/2026;20:00;22:00;BOOK;4592958
SAB;29/08/2026;20:30;22:00;BOOK;4502586
SAB;29/08/2026;20:30;21:30;BOOK;4503208
SAB;29/08/2026;20:30;21:00;BOOK;4515532
SAB;30/08/2026;12:00;18:00;BOOK;4515533
SAB;30/08/2026;12:00;18:00;BOOK;4503208
SAB;30/08/2026;12:00;18:00;BOOK;4503212
SAB;30/08/2026;12:30;18:00;BOOK;4503211
SAB;30/08/2026;12:30;17:30;BOOK;4592956
SAB;30/08/2026;12:30;17:00;BOOK;4502586
SAB;30/08/2026;13:00;17:00;BOOK;4515532
SAB;30/08/2026;13:00;17:00;BOOK;4655053
SAB;30/08/2026;13:00;15:30;BOOK;4555685
SAB;30/08/2026;13:00;15:30;BOOK;4529491
SAB;30/08/2026;13:00;15:00;BOOK;4592954
SAB;30/08/2026;13:00;15:00;BOOK;4571710
SAB;30/08/2026;13:30;15:00;BOOK;4571713
SAB;30/08/2026;13:30;15:00;BOOK;4503602
SAB;30/08/2026;13:30;14:30;BOOK;4503209
SAB;30/08/2026;13:30;14:00;BOOK;4639813
SAB;30/08/2026;18:00;00:00;BOOK;4639813
SAB;30/08/2026;18:00;00:00;BOOK;4655053
SAB;30/08/2026;18:00;00:00;BOOK;4639814
SAB;30/08/2026;18:00;23:30;BOOK;4571710
SAB;30/08/2026;18:00;23:00;BOOK;4571713
SAB;30/08/2026;19:00;23:00;BOOK;4592955
SAB;30/08/2026;19:00;23:00;BOOK;4555685
SAB;30/08/2026;19:30;23:00;BOOK;4662891
SAB;30/08/2026;19:30;23:00;BOOK;4503602
SAB;30/08/2026;19:30;23:00;BOOK;4592954
SAB;30/08/2026;19:30;22:30;BOOK;4529491
SAB;30/08/2026;20:00;22:30;BOOK;4502586
SAB;30/08/2026;20:00;22:30;BOOK;4503208
SAB;30/08/2026;20:00;22:30;BOOK;4503209
SAB;30/08/2026;20:00;22:30;BOOK;4503211
SAB;30/08/2026;20:00;22:30;BOOK;4515532
SAB;30/08/2026;20:00;22:30;BOOK;4515533
SAB;30/08/2026;20:00;22:30;BOOK;4592956
SAB;30/08/2026;20:00;22:00;BOOK;4592958
SAB;30/08/2026;20:30;22:00;BOOK;4594875
SAB;30/08/2026;20:30;21:30;BOOK;4594878
SAB;30/08/2026;20:30;21:30;BOOK;4503212