codigo_ciudad,dia,hora_inicio,hora_final,accion,rider_id
SAB,31/08/2026,12:00:00,18:00:00,BOOK,4515532
SAB,31/08/2026,12:00:00,18:00:00,BOOK,4515533
SAB,31/08/2026,12:00:00,18:00:00,BOOK,4503209
SAB,31/08/2026,12:30:00,17:00:00,BOOK,4555685
SAB,31/08/2026,13:00:00,17:00:00,BOOK,4502586
SAB,31/08/2026,13:30:00,15:30:00,BOOK,4503602
SAB,31/08/2026,13:30:00,15:30:00,BOOK,4503208
SAB,31/08/2026,13:30:00,15:30:00,BOOK,4503211
SAB,31/08/2026,18:00:00,00:00:00,BOOK,4503212
SAB,31/08/2026,18:00:00,00:00:00,BOOK,4503208
SAB,31/08/2026,18:00:00,00:00:00,BOOK,4571713
SAB,31/08/2026,19:30:00,23:00:00,BOOK,4592954
SAB,31/08/2026,19:30:00,22:30:00,BOOK,4592955
SAB,31/08/2026,20:00:00,22:30:00,BOOK,4503211
SAB,31/08/2026,20:00:00,22:30:00,BOOK,4529491
SAB,31/08/2026,20:00:00,22:30:00,BOOK,4503209
SAB,31/08/2026,20:00:00,22:30:00,BOOK,4503602
SAB,31/08/2026,20:00:00,22:30:00,BOOK,4515533
SAB,31/08/2026,20:30:00,22:00:00,BOOK,4555685
SAB,31/08/2026,20:30:00,22:00:00,BOOK,4571710
SAB,31/08/2026,20:30:00,22:00:00,BOOK,4515532
SAB,31/08/2026,20:30:00,22:00:00,BOOK,4502586
SAB,01/09/2026,12:00:00,18:00:00,BOOK,4592956
SAB,01/09/2026,12:00:00,18:00:00,BOOK,4592958
SAB,01/09/2026,12:00:00,18:00:00,BOOK,4594875
SAB,01/09/2026,13:00:00,16:30:00,BOOK,4594878
SAB,01/09/2026,13:00:00,16:30:00,BOOK,4639813
SAB,01/09/2026,13:30:00,15:30:00,BOOK,4639814
SAB,01/09/2026,14:30:00,15:30:00,BOOK,4655053
SAB,01/09/2026,15:00:00,15:30:00,BOOK,4662891
SAB,01/09/2026,18:00:00,00:00:00,BOOK,4655053
SAB,01/09/2026,18:00:00,00:00:00,BOOK,4639814
SAB,01/09/2026,18:00:00,00:00:00,BOOK,4639813
SAB,01/09/2026,19:00:00,23:00:00,BOOK,4515533
SAB,01/09/2026,19:30:00,23:00:00,BOOK,4503212
SAB,01/09/2026,20:00:00,22:30:00,BOOK,4503208
SAB,01/09/2026,20:00:00,22:30:00,BOOK,4592956
SAB,01/09/2026,20:00:00,22:30:00,BOOK,4592958
SAB,01/09/2026,20:00:00,22:30:00,BOOK,4594875
SAB,01/09/2026,20:00:00,22:30:00,BOOK,4594878
SAB,01/09/2026,20:30:00,22:30:00,BOOK,4662891
SAB,01/09/2026,20:30:00,22:00:00,BOOK,4592955
SAB,01/09/2026,20:30:00,22:00:00,BOOK,4592954
SAB,01/09/2026,20:30:00,22:00:00,BOOK,4503211
SAB,01/09/2026,20:30:00,21:00:00,BOOK,4503602
SAB,02/09/2026,12:00:00,18:00:00,BOOK,4655053
SAB,02/09/2026,12:00:00,18:00:00,BOOK,4592958
SAB,02/09/2026,12:00:00,18:00:00,BOOK,4515532
SAB,02/09/2026,13:00:00,16:30:00,BOOK,4555685
SAB,02/09/2026,13:00:00,16:30:00,BOOK,4503209
SAB,02/09/2026,13:30:00,15:30:00,BOOK,4594878
SAB,02/09/2026,13:30:00,15:00:00,BOOK,4571710
SAB,02/09/2026,13:30:00,14:00:00,BOOK,4571713
SAB,02/09/2026,18:00:00,00:00:00,BOOK,4571710
SAB,02/09/2026,18:00:00,00:00:00,BOOK,4571713
SAB,02/09/2026,18:00:00,00:00:00,BOOK,4594878
SAB,02/09/2026,19:00:00,23:00:00,BOOK,4503209
SAB,02/09/2026,19:30:00,23:00:00,BOOK,4592954
SAB,02/09/2026,20:00:00,23:00:00,BOOK,4655053
SAB,02/09/2026,20:00:00,22:30:00,BOOK,4662891
SAB,02/09/2026,20:00:00,22:30:00,BOOK,4592956
SAB,02/09/2026,20:00:00,22:30:00,BOOK,4529491
SAB,02/09/2026,20:00:00,22:30:00,BOOK,4639814
SAB,02/09/2026,20:30:00,22:30:00,BOOK,4502586
SAB,02/09/2026,20:30:00,22:30:00,BOOK,4592958
SAB,02/09/2026,20:30:00,22:30:00,BOOK,4515532
SAB,02/09/2026,20:30:00,22:30:00,BOOK,4555685
SAB,02/09/2026,20:30:00,22:00:00,BOOK,4592955
SAB,02/09/2026,20:30:00,22:00:00,BOOK,4594875
SAB,02/09/2026,20:30:00,22:00:00,BOOK,4639813
SAB,02/09/2026,21:30:00,22:00:00,BOOK,4515533
SAB,03/09/2026,12:00:00,18:00:00,BOOK,4503211
SAB,03/09/2026,12:00:00,18:00:00,BOOK,4502586
SAB,03/09/2026,12:00:00,18:00:00,BOOK,4503212
SAB,03/09/2026,13:00:00,18:00:00,BOOK,4515532
SAB,03/09/2026,13:00:00,18:00:00,BOOK,4503209
SAB,03/09/2026,13:30:00,15:00:00,BOOK,4571710
SAB,03/09/2026,14:00:00,15:00:00,BOOK,4503602
SAB,03/09/2026,18:00:00,00:00:00,BOOK,4503602
SAB,03/09/2026,18:00:00,00:00:00,BOOK,4571713
SAB,03/09/2026,18:00:00,00:00:00,BOOK,4592954
SAB,03/09/2026,18:30:00,23:00:00,BOOK,4592955
SAB,03/09/2026,19:00:00,23:00:00,BOOK,4592956
SAB,03/09/2026,19:30:00,22:30:00,BOOK,4592958
SAB,03/09/2026,19:30:00,22:30:00,BOOK,4594875
SAB,03/09/2026,19:30:00,22:30:00,BOOK,4594878
SAB,03/09/2026,20:00:00,22:30:00,BOOK,4639813
SAB,03/09/2026,20:00:00,22:30:00,BOOK,4639814
SAB,03/09/2026,20:00:00,22:30:00,BOOK,4655053
SAB,03/09/2026,20:00:00,22:00:00,BOOK,4503211
SAB,03/09/2026,20:30:00,22:00:00,BOOK,4503208
SAB,03/09/2026,20:30:00,22:00:00,BOOK,4503212
SAB,03/09/2026,20:30:00,22:00:00,BOOK,4555685
SAB,03/09/2026,20:30:00,22:00:00,BOOK,4503209
SAB,03/09/2026,20:30:00,22:00:00,BOOK,4662891
SAB,03/09/2026,20:30:00,21:30:00,BOOK,4571710
SAB,04/09/2026,12:00:00,18:00:00,BOOK,4503602
SAB,04/09/2026,12:00:00,18:00:00,BOOK,4503208
SAB,04/09/2026,12:00:00,18:00:00,BOOK,4503209
SAB,04/09/2026,12:30:00,18:00:00,BOOK,4503211
SAB,04/09/2026,12:30:00,17:30:00,BOOK,4529491
SAB,04/09/2026,12:30:00,17:00:00,BOOK,4555685
SAB,04/09/2026,12:30:00,17:00:00,BOOK,4639813
SAB,04/09/2026,12:30:00,17:00:00,BOOK,4515533
SAB,04/09/2026,12:30:00,16:00:00,BOOK,4592955
SAB,04/09/2026,13:00:00,15:30:00,BOOK,4592956
SAB,04/09/2026,13:00:00,15:00:00,BOOK,4639814
SAB,04/09/2026,13:30:00,15:00:00,BOOK,4502586
SAB,04/09/2026,13:30:00,15:00:00,BOOK,4503212
SAB,04/09/2026,18:00:00,00:00:00,BOOK,4662891
SAB,04/09/2026,18:00:00,00:00:00,BOOK,4502586
SAB,04/09/2026,18:00:00,00:00:00,BOOK,4515532
SAB,04/09/2026,18:00:00,23:30:00,BOOK,4571710
SAB,04/09/2026,18:00:00,23:00:00,BOOK,4571713
SAB,04/09/2026,19:00:00,23:00:00,BOOK,4529491
SAB,04/09/2026,19:00:00,23:00:00,BOOK,4503211
SAB,04/09/2026,19:30:00,23:00:00,BOOK,4503212
SAB,04/09/2026,19:30:00,23:00:00,BOOK,4503602
SAB,04/09/2026,19:30:00,23:00:00,BOOK,4592954
SAB,04/09/2026,19:30:00,22:30:00,BOOK,4592955
SAB,04/09/2026,20:00:00,22:30:00,BOOK,4594875
SAB,04/09/2026,20:00:00,22:30:00,BOOK,4594878
SAB,04/09/2026,20:00:00,22:30:00,BOOK,4655053
SAB,04/09/2026,20:00:00,22:30:00,BOOK,4639814
SAB,04/09/2026,20:00:00,22:30:00,BOOK,4592956
SAB,04/09/2026,20:00:00,22:30:00,BOOK,4515533
SAB,04/09/2026,20:00:00,22:30:00,BOOK,4555685
SAB,04/09/2026,20:00:00,22:00:00,BOOK,4592958
SAB,04/09/2026,20:30:00,22:00:00,BOOK,4639813
SAB,04/09/2026,20:30:00,21:30:00,BOOK,4503208
SAB,04/09/2026,20:30:00,21:30:00,BOOK,4503209
SAB,05/09/2026,12:00:00,18:00:00,BOOK,4502586
SAB,05/09/2026,12:00:00,18:00:00,BOOK,4503208
SAB,05/09/2026,12:00:00,18:00:00,BOOK,4503602
SAB,05/09/2026,12:30:00,18:00:00,BOOK,4515533
SAB,05/09/2026,12:30:00,17:30:00,BOOK,4503212
SAB,05/09/2026,12:30:00,17:00:00,BOOK,4503209
SAB,05/09/2026,13:00:00,17:00:00,BOOK,4639813
SAB,05/09/2026,13:00:00,17:00:00,BOOK,4639814
SAB,05/09/2026,13:00:00,15:30:00,BOOK,4555685
SAB,05/09/2026,13:00:00,15:30:00,BOOK,4503211
SAB,05/09/2026,13:00:00,15:00:00,BOOK,4529491
SAB,05/09/2026,13:00:00,15:00:00,BOOK,4655053
SAB,05/09/2026,13:30:00,15:00:00,BOOK,4662891
SAB,05/09/2026,13:30:00,15:00:00,BOOK,4594875
SAB,05/09/2026,13:30:00,14:30:00,BOOK,4571710
SAB,05/09/2026,13:30:00,14:00:00,BOOK,4515532
SAB,05/09/2026,18:00:00,00:00:00,BOOK,4639813
SAB,05/09/2026,18:00:00,00:00:00,BOOK,4639814
SAB,05/09/2026,18:00:00,00:00:00,BOOK,4662891
SAB,05/09/2026,18:00:00,23:30:00,BOOK,4571710
SAB,05/09/2026,18:00:00,23:00:00,BOOK,4571713
SAB,05/09/2026,19:00:00,23:00:00,BOOK,4529491
SAB,05/09/2026,19:00:00,23:00:00,BOOK,4515533
SAB,05/09/2026,19:30:00,23:00:00,BOOK,4503212
SAB,05/09/2026,19:30:00,23:00:00,BOOK,4503602
SAB,05/09/2026,19:30:00,23:00:00,BOOK,4592954
SAB,05/09/2026,19:30:00,22:30:00,BOOK,4592955
SAB,05/09/2026,20:00:00,22:30:00,BOOK,4594875
SAB,05/09/2026,20:00:00,22:30:00,BOOK,4594878
SAB,05/09/2026,20:00:00,22:30:00,BOOK,4503209
SAB,05/09/2026,20:00:00,22:30:00,BOOK,4503211
SAB,05/09/2026,20:00:00,22:30:00,BOOK,4655053
SAB,05/09/2026,20:00:00,22:30:00,BOOK,4555685
SAB,05/09/2026,20:00:00,22:30:00,BOOK,4592956
SAB,05/09/2026,20:00:00,22:00:00,BOOK,4592958
SAB,05/09/2026,20:30:00,22:00:00,BOOK,4502586
SAB,05/09/2026,20:30:00,21:30:00,BOOK,4503208
SAB,05/09/2026,20:30:00,21:00:00,BOOK,4515532
SAB,06/09/2026,12:00:00,18:00:00,BOOK,4515533
SAB,06/09/2026,12:00:00,18:00:00,BOOK,4503208
SAB,06/09/2026,12:00:00,18:00:00,BOOK,4503212
SAB,06/09/2026,12:30:00,18:00:00,BOOK,4503211
SAB,06/09/2026,12:30:00,17:30:00,BOOK,4592956
SAB,06/09/2026,12:30:00,17:00:00,BOOK,4502586
SAB,06/09/2026,13:00:00,17:00:00,BOOK,4515532
SAB,06/09/2026,13:00:00,17:00:00,BOOK,4655053
SAB,06/09/2026,13:00:00,15:30:00,BOOK,4555685
SAB,06/09/2026,13:00:00,15:30:00,BOOK,4529491
SAB,06/09/2026,13:00:00,15:00:00,BOOK,4592954
SAB,06/09/2026,13:00:00,15:00:00,BOOK,4571710
SAB,06/09/2026,13:30:00,15:00:00,BOOK,4571713
SAB,06/09/2026,13:30:00,15:00:00,BOOK,4503602
SAB,06/09/2026,13:30:00,14:30:00,BOOK,4503209
SAB,06/09/2026,13:30:00,14:00:00,BOOK,4639813
SAB,06/09/2026,18:00:00,00:00:00,BOOK,4639813
SAB,06/09/2026,18:00:00,00:00:00,BOOK,4655053
SAB,06/09/2026,18:00:00,00:00:00,BOOK,4639814
SAB,06/09/2026,18:00:00,23:30:00,BOOK,4571710
SAB,06/09/2026,18:00:00,23:00:00,BOOK,4571713
SAB,06/09/2026,19:00:00,23:00:00,BOOK,4592955
SAB,06/09/2026,19:00:00,23:00:00,BOOK,4555685
SAB,06/09/2026,19:30:00,23:00:00,BOOK,4662891
SAB,06/09/2026,19:30:00,23:00:00,BOOK,4503602
SAB,06/09/2026,19:30:00,23:00:00,BOOK,4592954
SAB,06/09/2026,19:30:00,22:30:00,BOOK,4529491
SAB,06/09/2026,20:00:00,22:30:00,BOOK,4502586
SAB,06/09/2026,20:00:00,22:30:00,BOOK,4503208
SAB,06/09/2026,20:00:00,22:30:00,BOOK,4503209
SAB,06/09/2026,20:00:00,22:30:00,BOOK,4503211
SAB,06/09/2026,20:00:00,22:30:00,BOOK,4515532
SAB,06/09/2026,20:00:00,22:30:00,BOOK,4515533
SAB,06/09/2026,20:00:00,22:30:00,BOOK,4592956
SAB,06/09/2026,20:00:00,22:00:00,BOOK,4592958
SAB,06/09/2026,20:30:00,22:00:00,BOOK,4594875
SAB,06/09/2026,20:30:00,21:30:00,BOOK,4594878
SAB,06/09/2026,20:30:00,21:30:00,BOOK,4503212